dataset,strategy,fold,max_imbalance_ratio,n_estimators,n_splits,max_rows,seed,openml_id,n_classes,n_features,n_rows,n_train,n_test,natural_ratio,n_context,fit_seconds,predict_seconds,fit_predict_seconds,roc_auc,log_loss
seismic-bumps,class_aware,0,1,1,5,12000,0,46956,2,15,2584,2067,517,14.198529411764708,272,0.3434795779976412,0.1829041669989237,0.5263837449965649,0.7809645597369382,0.2119394689798355
seismic-bumps,uniform,0,1,1,5,12000,0,46956,2,15,2584,2067,517,14.198529411764708,272,0.2064713509971625,0.145303914003307,0.3517752650004695,0.7907684813055658,0.2075116485357284
seismic-bumps,class_aware,1,1,1,5,12000,0,46956,2,15,2584,2067,517,14.198529411764708,272,0.1749415619997307,0.1650547969984472,0.339996358998178,0.7771282426013884,0.2112505882978439
seismic-bumps,uniform,1,1,1,5,12000,0,46956,2,15,2584,2067,517,14.198529411764708,272,0.1788810759971966,0.1952191640011733,0.3741002399983699,0.7231153330897576,0.2227665483951568
seismic-bumps,class_aware,2,1,1,5,12000,0,46956,2,15,2584,2067,517,14.198529411764708,272,0.1758116929995594,0.1619740549940616,0.337785747993621,0.8656680063329679,0.1842471808195114
seismic-bumps,uniform,2,1,1,5,12000,0,46956,2,15,2584,2067,517,14.198529411764708,272,0.1810657020032522,0.1704750919961952,0.3515407939994475,0.8643892339544513,0.1911560148000717
seismic-bumps,class_aware,3,1,1,5,12000,0,46956,2,15,2584,2067,517,14.198529411764708,272,0.1742613690003054,0.1625115579954581,0.3367729269957635,0.7206186822555108,0.225857600569725
seismic-bumps,uniform,3,1,1,5,12000,0,46956,2,15,2584,2067,517,14.198529411764708,272,0.1743913089958368,0.1605011400024523,0.3348924489982892,0.7345024966508343,0.2258007824420929
seismic-bumps,class_aware,4,1,1,5,12000,0,46956,2,15,2584,2068,516,14.205882352941176,272,0.2450485000008484,0.1580120069993427,0.4030605070001911,0.7315108616060532,0.220013216137886
seismic-bumps,uniform,4,1,1,5,12000,0,46956,2,15,2584,2068,516,14.205882352941176,272,0.1782528140029171,0.1705818030022783,0.3488346170051954,0.7303514766902611,0.2267682701349258
seismic-bumps,class_aware,0,3,1,5,12000,0,46956,2,15,2584,2067,517,14.198529411764708,544,0.1761478509943117,0.2515993810011423,0.427747231995454,0.8011204481792717,0.2074199616909027
seismic-bumps,uniform,0,3,1,5,12000,0,46956,2,15,2584,2067,517,14.198529411764708,544,0.1751256920033483,0.2341486130026169,0.4092743050059653,0.7900986481549142,0.2050076872110366
seismic-bumps,class_aware,1,3,1,5,12000,0,46956,2,15,2584,2067,517,14.198529411764708,544,0.1754503069969359,0.2444650179968448,0.4199153249937808,0.7708561685543783,0.2094201147556305
seismic-bumps,uniform,1,3,1,5,12000,0,46956,2,15,2584,2067,517,14.198529411764708,544,0.1757951170002343,0.2392902059946209,0.4150853229948552,0.7346242844964073,0.2206485718488693
seismic-bumps,class_aware,2,3,1,5,12000,0,46956,2,15,2584,2067,517,14.198529411764708,544,0.1924498619991936,0.2408559729956323,0.433305834994826,0.8595786140543173,0.1845824569463729
seismic-bumps,uniform,2,3,1,5,12000,0,46956,2,15,2584,2067,517,14.198529411764708,544,0.1750557839986868,0.2433663530027843,0.4184221370014711,0.8491048593350383,0.1959607005119323
seismic-bumps,class_aware,3,3,1,5,12000,0,46956,2,15,2584,2067,517,14.198529411764708,544,0.174930178996874,0.2393845240003429,0.4143147029972169,0.7312142248203629,0.2229175120592117
seismic-bumps,uniform,3,3,1,5,12000,0,46956,2,15,2584,2067,517,14.198529411764708,544,0.1748336509990622,0.2420323179976549,0.4168659689967171,0.7230544391669711,0.2254301905632019
seismic-bumps,class_aware,4,3,1,5,12000,0,46956,2,15,2584,2068,516,14.205882352941176,544,0.1755424180009868,0.2395203900014166,0.4150628080024034,0.7398706370515011,0.219185009598732
seismic-bumps,uniform,4,3,1,5,12000,0,46956,2,15,2584,2068,516,14.205882352941176,544,0.1784248599942657,0.2468751420019543,0.4253000019962201,0.7056992921649987,0.2264668345451355
seismic-bumps,class_aware,0,5,1,5,12000,0,46956,2,15,2584,2067,517,14.198529411764708,816,0.2445184579992201,0.3148991289999685,0.5594175869991886,0.8057483863110462,0.208562821149826
seismic-bumps,uniform,0,5,1,5,12000,0,46956,2,15,2584,2067,517,14.198529411764708,816,0.1736563200029195,0.3116832439991412,0.4853395640020608,0.7866885884788698,0.2031653970479965
seismic-bumps,class_aware,1,5,1,5,12000,0,46956,2,15,2584,2067,517,14.198529411764708,816,0.1743738459990709,0.308461153996177,0.4828349999952479,0.7691511387163561,0.2111852169036865
seismic-bumps,uniform,1,5,1,5,12000,0,46956,2,15,2584,2067,517,14.198529411764708,816,0.1751400349967298,0.3094289170039701,0.4845689520006999,0.7570332480818415,0.215197741985321
seismic-bumps,class_aware,2,5,1,5,12000,0,46956,2,15,2584,2067,517,14.198529411764708,816,0.1759641699973144,0.3087185569966095,0.484682726993924,0.8624406284252832,0.1837737560272216
seismic-bumps,uniform,2,5,1,5,12000,0,46956,2,15,2584,2067,517,14.198529411764708,816,0.1752993249974679,0.309915853998973,0.4852151789964409,0.8622579466569236,0.1856872141361236
seismic-bumps,class_aware,3,5,1,5,12000,0,46956,2,15,2584,2067,517,14.198529411764708,816,0.1760957039950881,0.3072724800003925,0.4833681839954806,0.7274388016075994,0.2232353836297989
seismic-bumps,uniform,3,5,1,5,12000,0,46956,2,15,2584,2067,517,14.198529411764708,816,0.1761882939972565,0.325574078997306,0.5017623729945626,0.7123371087565461,0.2274131774902343
seismic-bumps,class_aware,4,5,1,5,12000,0,46956,2,15,2584,2068,516,14.205882352941176,816,0.1770260509947547,0.3162627479978255,0.4932887989925802,0.7368806443739322,0.2229536175727844
seismic-bumps,uniform,4,5,1,5,12000,0,46956,2,15,2584,2068,516,14.205882352941176,816,0.1775364299974171,0.3136389509963919,0.4911753809938091,0.7266902611667073,0.2220976799726486
seismic-bumps,class_aware,0,10,1,5,12000,0,46956,2,15,2584,2067,517,14.198529411764708,1496,0.1768434379991958,0.5234751359967049,0.7003185739959008,0.8177444890999878,0.2030671834945678
seismic-bumps,uniform,0,10,1,5,12000,0,46956,2,15,2584,2067,517,14.198529411764708,1496,0.2488584620004985,0.5265874569959124,0.7754459189964109,0.8061746437705517,0.2021461725234985
seismic-bumps,class_aware,1,10,1,5,12000,0,46956,2,15,2584,2067,517,14.198529411764708,1496,0.1770312980006565,0.5150167860047077,0.6920480840053642,0.7667762757276824,0.2117555290460586
seismic-bumps,uniform,1,10,1,5,12000,0,46956,2,15,2584,2067,517,14.198529411764708,1496,0.1776378029971965,0.5431841629979317,0.7208219659951283,0.7446108878333942,0.2193865776062011
seismic-bumps,class_aware,2,10,1,5,12000,0,46956,2,15,2584,2067,517,14.198529411764708,1496,0.1766439809944131,0.5106105919985566,0.6872545729929698,0.8639629764949458,0.1843551248311996
seismic-bumps,uniform,2,10,1,5,12000,0,46956,2,15,2584,2067,517,14.198529411764708,1496,0.1776579889992717,0.5219049539955449,0.6995629429948167,0.8693216417001584,0.1844654232263565
seismic-bumps,class_aware,3,10,1,5,12000,0,46956,2,15,2584,2067,517,14.198529411764708,1496,0.1796328830023412,0.5314794060032,0.7111122890055412,0.7167214711971746,0.2261617332696914
seismic-bumps,uniform,3,10,1,5,12000,0,46956,2,15,2584,2067,517,14.198529411764708,1496,0.1785873329936294,0.5486979769993923,0.7272853099930217,0.7173913043478262,0.223549336194992
seismic-bumps,class_aware,4,10,1,5,12000,0,46956,2,15,2584,2068,516,14.205882352941176,1496,0.1773686070009716,0.5258718370023416,0.7032404440033133,0.7247376128874787,0.2226879149675369
seismic-bumps,uniform,4,10,1,5,12000,0,46956,2,15,2584,2068,516,14.205882352941176,1496,0.1775793149936362,0.5423370050048106,0.7199163199984469,0.7128996826946546,0.2326865941286087
seismic-bumps,class_aware,0,15,1,5,12000,0,46956,2,15,2584,2067,517,14.198529411764708,2067,0.1783630149948294,0.7197363700033748,0.8980993849982042,0.8129947631226403,0.2040456682443618
seismic-bumps,class_aware,1,15,1,5,12000,0,46956,2,15,2584,2067,517,14.198529411764708,2067,0.1778481929941335,0.7387226589999045,0.916570851994038,0.7556326878577518,0.2148243337869644
seismic-bumps,class_aware,2,15,1,5,12000,0,46956,2,15,2584,2067,517,14.198529411764708,2067,0.17770307000319,0.7156106919937884,0.8933137619969784,0.8604311289733285,0.1863296627998352
seismic-bumps,class_aware,3,15,1,5,12000,0,46956,2,15,2584,2067,517,14.198529411764708,2067,0.2489591699995799,0.7362593470024876,0.9852185170020676,0.7175130921933991,0.2266191691160202
seismic-bumps,class_aware,4,15,1,5,12000,0,46956,2,15,2584,2068,516,14.205882352941176,2068,0.1819981950029614,0.715666449003038,0.8976646440059994,0.7265072003905296,0.2239328771829605
seismic-bumps,class_aware,0,20,1,5,12000,0,46956,2,15,2584,2067,517,14.198529411764708,2067,0.1802614100015489,0.7192153500000131,0.8994767600015621,0.8129947631226403,0.2040456682443618
seismic-bumps,class_aware,1,20,1,5,12000,0,46956,2,15,2584,2067,517,14.198529411764708,2067,0.1786035439945408,0.7368226500038872,0.915426193998428,0.7556326878577518,0.2148243337869644
seismic-bumps,class_aware,2,20,1,5,12000,0,46956,2,15,2584,2067,517,14.198529411764708,2067,0.1788274849968729,0.7263822340028128,0.9052097189996856,0.8604311289733285,0.1863296627998352
seismic-bumps,class_aware,3,20,1,5,12000,0,46956,2,15,2584,2067,517,14.198529411764708,2067,0.1773569910001242,0.7421053119978751,0.9194623029979994,0.7175130921933991,0.2266191691160202
seismic-bumps,class_aware,4,20,1,5,12000,0,46956,2,15,2584,2068,516,14.205882352941176,2068,0.1794093439966673,0.7302307610007119,0.9096401049973792,0.7265072003905296,0.2239328771829605
seismic-bumps,class_aware,0,30,1,5,12000,0,46956,2,15,2584,2067,517,14.198529411764708,2067,0.1789777790036169,0.7447136249975301,0.923691404001147,0.8129947631226403,0.2040456682443618
seismic-bumps,class_aware,1,30,1,5,12000,0,46956,2,15,2584,2067,517,14.198529411764708,2067,0.2606185069962521,0.7227549470044323,0.9833734540006844,0.7556326878577518,0.2148243337869644
seismic-bumps,class_aware,2,30,1,5,12000,0,46956,2,15,2584,2067,517,14.198529411764708,2067,0.177856978996715,0.7399733599959291,0.917830338992644,0.8604311289733285,0.1863296627998352
seismic-bumps,class_aware,3,30,1,5,12000,0,46956,2,15,2584,2067,517,14.198529411764708,2067,0.1783094730053562,0.7252799499983666,0.9035894230037228,0.7175130921933991,0.2266191691160202
seismic-bumps,class_aware,4,30,1,5,12000,0,46956,2,15,2584,2068,516,14.205882352941176,2068,0.1786332709962153,0.7235407569969539,0.9021740279931691,0.7265072003905296,0.2239328771829605
seismic-bumps,class_aware,0,none,1,5,12000,0,46956,2,15,2584,2067,517,14.198529411764708,2067,0.2498309969960246,0.7191748769982951,0.9690058739943196,0.8129947631226403,0.2040456682443618
seismic-bumps,class_aware,1,none,1,5,12000,0,46956,2,15,2584,2067,517,14.198529411764708,2067,0.1773415860006935,0.7184406250016764,0.8957822110023699,0.7556326878577518,0.2148243337869644
seismic-bumps,class_aware,2,none,1,5,12000,0,46956,2,15,2584,2067,517,14.198529411764708,2067,0.1987439010044909,0.716418171999976,0.915162073004467,0.8604311289733285,0.1863296627998352
seismic-bumps,class_aware,3,none,1,5,12000,0,46956,2,15,2584,2067,517,14.198529411764708,2067,0.1778776589999324,0.7233951760063064,0.9012728350062388,0.7175130921933991,0.2266191691160202
seismic-bumps,class_aware,4,none,1,5,12000,0,46956,2,15,2584,2068,516,14.205882352941176,2068,0.1786040700026205,0.7526563050050754,0.931260375007696,0.7265072003905296,0.2239328771829605
seismic-bumps,class_aware,0,1,4,5,12000,0,46956,2,15,2584,2067,517,14.198529411764708,272,0.3294775690010283,0.6509279740057536,0.980405543006782,0.8052612349287541,0.2039192169904709
seismic-bumps,uniform,0,1,4,5,12000,0,46956,2,15,2584,2067,517,14.198529411764708,272,0.3326594370009843,0.6526767360046506,0.9853361730056348,0.7955791012056996,0.2063471525907516
seismic-bumps,class_aware,1,1,4,5,12000,0,46956,2,15,2584,2067,517,14.198529411764708,272,0.3299611210022704,0.6322702830002527,0.962231404002523,0.7549019607843137,0.2139651775360107
seismic-bumps,uniform,1,1,4,5,12000,0,46956,2,15,2584,2067,517,14.198529411764708,272,0.3283294129942078,0.6444367910007713,0.9727662039949792,0.7346242844964073,0.2351435124874115
seismic-bumps,class_aware,2,1,4,5,12000,0,46956,2,15,2584,2067,517,14.198529411764708,272,0.4116882199959946,0.6358830000026501,1.0475712199986449,0.8692607477773718,0.1905002743005752
seismic-bumps,uniform,2,1,4,5,12000,0,46956,2,15,2584,2067,517,14.198529411764708,272,0.3249461619998328,0.6363765239948407,0.9613226859946736,0.8649981731823164,0.1840712875127792
seismic-bumps,class_aware,3,1,4,5,12000,0,46956,2,15,2584,2067,517,14.198529411764708,272,0.3317016340006375,0.6404846760051441,0.9721863100057816,0.7140421385945683,0.2238341122865677
seismic-bumps,uniform,3,1,4,5,12000,0,46956,2,15,2584,2067,517,14.198529411764708,272,0.3201962389939581,0.6549352619986166,0.9751315009925748,0.7123980026793327,0.2245991080999374
seismic-bumps,class_aware,4,1,4,5,12000,0,46956,2,15,2584,2068,516,14.205882352941176,272,0.3241364569985308,0.6491718129982473,0.973308269996778,0.7404198193800341,0.2173680067062378
seismic-bumps,uniform,4,1,4,5,12000,0,46956,2,15,2584,2068,516,14.205882352941176,272,0.3197551079938421,0.6520502519997535,0.9718053599935956,0.7625091530388088,0.2153104841709137
seismic-bumps,class_aware,0,3,4,5,12000,0,46956,2,15,2584,2067,517,14.198529411764708,544,0.3323031809995882,0.9223122740004328,1.254615455000021,0.813177444891,0.2005897462368011
seismic-bumps,uniform,0,3,4,5,12000,0,46956,2,15,2584,2067,517,14.198529411764708,544,0.334051037003519,0.92574796199915,1.259798999002669,0.8021556448666423,0.2046440541744232
seismic-bumps,class_aware,1,3,4,5,12000,0,46956,2,15,2584,2067,517,14.198529411764708,544,0.3355598330017528,0.9300841949952884,1.2656440279970411,0.7544757033248083,0.2140374481678009
seismic-bumps,uniform,1,3,4,5,12000,0,46956,2,15,2584,2067,517,14.198529411764708,544,0.3354733940068399,0.9042030249984236,1.2396764190052636,0.7348678601875532,0.2208265662193298
seismic-bumps,class_aware,2,3,4,5,12000,0,46956,2,15,2584,2067,517,14.198529411764708,544,0.3456392759981099,0.927241151999624,1.272880427997734,0.8679819753988551,0.1857040226459503
seismic-bumps,uniform,2,3,4,5,12000,0,46956,2,15,2584,2067,517,14.198529411764708,544,0.3274008410007809,0.9063387159985724,1.2337395569993532,0.8659724759469005,0.1853066533803939
seismic-bumps,class_aware,3,3,4,5,12000,0,46956,2,15,2584,2067,517,14.198529411764708,544,0.4104090239998186,0.9010333269980038,1.3114423509978224,0.7298136645962733,0.2220829129219055
seismic-bumps,uniform,3,3,4,5,12000,0,46956,2,15,2584,2067,517,14.198529411764708,544,0.3370775069997762,0.9303106229999684,1.2673881299997447,0.711362805991962,0.2240641117095947
seismic-bumps,class_aware,4,3,4,5,12000,0,46956,2,15,2584,2068,516,14.205882352941176,544,0.3317920519984909,0.9137285990000236,1.2455206509985146,0.7411520624847449,0.2180677950382232
seismic-bumps,uniform,4,3,4,5,12000,0,46956,2,15,2584,2068,516,14.205882352941176,544,0.3281658330015489,0.9297546629968564,1.2579204959984054,0.7473761288747864,0.2169909477233886
seismic-bumps,class_aware,0,5,4,5,12000,0,46956,2,15,2584,2067,517,14.198529411764708,816,0.342603033001069,1.2204181119959685,1.5630211449970377,0.8152478382657411,0.2032517194747924
seismic-bumps,uniform,0,5,4,5,12000,0,46956,2,15,2584,2067,517,14.198529411764708,816,0.339841080000042,1.2052963030000683,1.5451373830001105,0.7970405553525758,0.2056859731674194
seismic-bumps,class_aware,1,5,4,5,12000,0,46956,2,15,2584,2067,517,14.198529411764708,816,0.3374830019965884,1.2172436510008993,1.5547266529974877,0.7561807331628303,0.2152287065982818
seismic-bumps,uniform,1,5,4,5,12000,0,46956,2,15,2584,2067,517,14.198529411764708,816,0.3420302089944016,1.2340796960052105,1.576109904999612,0.7429667519181585,0.2179086655378341
seismic-bumps,class_aware,2,5,4,5,12000,0,46956,2,15,2584,2067,517,14.198529411764708,816,0.3456809720009914,1.2184669249982107,1.5641478969992022,0.860979174278407,0.1856547594070434
seismic-bumps,uniform,2,5,4,5,12000,0,46956,2,15,2584,2067,517,14.198529411764708,816,0.3450065930010169,1.233761470997706,1.578768063998723,0.86999147485081,0.1819980293512344
seismic-bumps,class_aware,3,5,4,5,12000,0,46956,2,15,2584,2067,517,14.198529411764708,816,0.3436887859934359,1.22076984999876,1.564458635992196,0.7221410303251734,0.2244567722082138
seismic-bumps,uniform,3,5,4,5,12000,0,46956,2,15,2584,2067,517,14.198529411764708,816,0.4123172339968732,1.2094360119954215,1.621753245992295,0.7102058214590183,0.2260872274637222
seismic-bumps,class_aware,4,5,4,5,12000,0,46956,2,15,2584,2068,516,14.205882352941176,816,0.3438627280047512,1.260375911006122,1.6042386390108732,0.7440200146448621,0.2182371467351913
seismic-bumps,uniform,4,5,4,5,12000,0,46956,2,15,2584,2068,516,14.205882352941176,816,0.3572645120002562,1.2421632160039735,1.5994277280042295,0.7370637051501099,0.2210481911897659
seismic-bumps,class_aware,0,10,4,5,12000,0,46956,2,15,2584,2067,517,14.198529411764708,1496,0.3813451499954681,2.454200215994206,2.835545365989674,0.8129947631226404,0.2030271142721176
seismic-bumps,uniform,0,10,4,5,12000,0,46956,2,15,2584,2067,517,14.198529411764708,1496,0.3602301960054319,2.3958131999970647,2.7560433960024966,0.8080623553769334,0.2034574151039123
seismic-bumps,class_aware,1,10,4,5,12000,0,46956,2,15,2584,2067,517,14.198529411764708,1496,0.3737029479962075,2.366790143001708,2.740493090997916,0.7567287784679089,0.2156038731336593
seismic-bumps,uniform,1,10,4,5,12000,0,46956,2,15,2584,2067,517,14.198529411764708,1496,0.3629820749993087,2.40189182299946,2.7648738979987684,0.7493606138107416,0.2182489931583404
seismic-bumps,class_aware,2,10,4,5,12000,0,46956,2,15,2584,2067,517,14.198529411764708,1496,0.352901208003459,2.3639612320039305,2.716862440007389,0.8673730361709902,0.1843878328800201
seismic-bumps,uniform,2,10,4,5,12000,0,46956,2,15,2584,2067,517,14.198529411764708,1496,0.3581164269999135,2.360831850994145,2.718948277994059,0.8740713676775058,0.1818775981664657
seismic-bumps,class_aware,3,10,4,5,12000,0,46956,2,15,2584,2067,517,14.198529411764708,1496,0.3562822619933286,2.37024620900047,2.7265284709937987,0.717025940811107,0.2267756760120391
seismic-bumps,uniform,3,10,4,5,12000,0,46956,2,15,2584,2067,517,14.198529411764708,1496,0.3645286120008677,2.363015101000201,2.7275437130010687,0.7228108634758251,0.2255589216947555
seismic-bumps,class_aware,4,10,4,5,12000,0,46956,2,15,2584,2068,516,14.205882352941176,1496,0.3708804359994246,2.3572226880060043,2.728103124005429,0.7389553331706127,0.2204418629407882
seismic-bumps,uniform,4,10,4,5,12000,0,46956,2,15,2584,2068,516,14.205882352941176,1496,0.4266281529999105,2.3460591089969967,2.772687261996907,0.7330363680742007,0.2237642854452133
seismic-bumps,class_aware,0,15,4,5,12000,0,46956,2,15,2584,2067,517,14.198529411764708,2067,0.2700517229968682,3.311057519000314,3.581109241997183,0.8119595664352697,0.2034171521663665
seismic-bumps,class_aware,1,15,4,5,12000,0,46956,2,15,2584,2067,517,14.198529411764708,2067,0.278329262000625,3.289284571997996,3.567613833998621,0.7551455364754598,0.217493936419487
seismic-bumps,class_aware,2,15,4,5,12000,0,46956,2,15,2584,2067,517,14.198529411764708,2067,0.2719041190066491,3.275553644998581,3.5474577640052303,0.8687735963950798,0.1841513961553573
seismic-bumps,class_aware,3,15,4,5,12000,0,46956,2,15,2584,2067,517,14.198529411764708,2067,0.2872361210029339,3.2688369109964697,3.556073031999404,0.7148946535135794,0.2283353209495544
seismic-bumps,class_aware,4,15,4,5,12000,0,46956,2,15,2584,2068,516,14.205882352941176,2068,0.2703996389973326,3.326518332003616,3.5969179710009485,0.7368196241152063,0.222150057554245
seismic-bumps,class_aware,0,20,4,5,12000,0,46956,2,15,2584,2067,517,14.198529411764708,2067,0.2713975639999262,3.3362657749967184,3.6076633389966446,0.8119595664352697,0.2034171521663665
seismic-bumps,class_aware,1,20,4,5,12000,0,46956,2,15,2584,2067,517,14.198529411764708,2067,0.2785199950012611,3.281142662002821,3.5596626570040826,0.7551455364754598,0.217493936419487
seismic-bumps,class_aware,2,20,4,5,12000,0,46956,2,15,2584,2067,517,14.198529411764708,2067,0.274398301000474,3.282009830996685,3.556408131997159,0.8687735963950798,0.1841513961553573
seismic-bumps,class_aware,3,20,4,5,12000,0,46956,2,15,2584,2067,517,14.198529411764708,2067,0.2701613269964582,3.2843841499998234,3.5545454769962816,0.7148946535135794,0.2283353209495544
seismic-bumps,class_aware,4,20,4,5,12000,0,46956,2,15,2584,2068,516,14.205882352941176,2068,0.270056730005308,3.282084081998619,3.552140812003927,0.7368196241152063,0.222150057554245
seismic-bumps,class_aware,0,30,4,5,12000,0,46956,2,15,2584,2067,517,14.198529411764708,2067,0.3407585999957518,3.232057421999343,3.572816021995095,0.8119595664352697,0.2034171521663665
seismic-bumps,class_aware,1,30,4,5,12000,0,46956,2,15,2584,2067,517,14.198529411764708,2067,0.2775672130010207,3.215215532996808,3.492782745997829,0.7551455364754598,0.217493936419487
seismic-bumps,class_aware,2,30,4,5,12000,0,46956,2,15,2584,2067,517,14.198529411764708,2067,0.271663712002919,3.2472871899954043,3.5189509019983234,0.8687735963950798,0.1841513961553573
seismic-bumps,class_aware,3,30,4,5,12000,0,46956,2,15,2584,2067,517,14.198529411764708,2067,0.2705697290002717,3.2449359870006447,3.5155057160009164,0.7148946535135794,0.2283353209495544
seismic-bumps,class_aware,4,30,4,5,12000,0,46956,2,15,2584,2068,516,14.205882352941176,2068,0.2715389500008314,3.222565909003606,3.494104859004437,0.7368196241152063,0.222150057554245
seismic-bumps,class_aware,0,none,4,5,12000,0,46956,2,15,2584,2067,517,14.198529411764708,2067,0.27030332400318,3.254612281998561,3.5249156060017413,0.8119595664352697,0.2034171521663665
seismic-bumps,class_aware,1,none,4,5,12000,0,46956,2,15,2584,2067,517,14.198529411764708,2067,0.2777822119969642,3.241080824001984,3.5188630359989475,0.7551455364754598,0.217493936419487
seismic-bumps,class_aware,2,none,4,5,12000,0,46956,2,15,2584,2067,517,14.198529411764708,2067,0.2711834340007044,3.260448967004777,3.5316324010054814,0.8687735963950798,0.1841513961553573
seismic-bumps,class_aware,3,none,4,5,12000,0,46956,2,15,2584,2067,517,14.198529411764708,2067,0.268102138004906,3.241852774997824,3.50995491300273,0.7148946535135794,0.2283353209495544
seismic-bumps,class_aware,4,none,4,5,12000,0,46956,2,15,2584,2068,516,14.205882352941176,2068,0.2702274929979467,3.2468699169985484,3.517097409996495,0.7368196241152063,0.222150057554245
seismic-bumps,class_aware,0,1,8,5,12000,0,46956,2,15,2584,2067,517,14.198529411764708,272,0.4826719099946785,1.2267903539977851,1.7094622639924637,0.8132992327365729,0.2015286684036255
seismic-bumps,uniform,0,1,8,5,12000,0,46956,2,15,2584,2067,517,14.198529411764708,272,0.473863479004649,1.2491169429995352,1.7229804220041842,0.7888198757763975,0.2091744393110275
seismic-bumps,class_aware,1,1,8,5,12000,0,46956,2,15,2584,2067,517,14.198529411764708,272,0.4831696780020138,1.2335838149956544,1.7167534929976682,0.7482645232005846,0.2159822285175323
seismic-bumps,uniform,1,1,8,5,12000,0,46956,2,15,2584,2067,517,14.198529411764708,272,0.4706589599954895,1.2125206349955988,1.6831795949910884,0.736268420411643,0.2289696335792541
seismic-bumps,class_aware,2,1,8,5,12000,0,46956,2,15,2584,2067,517,14.198529411764708,272,0.4950375650005298,1.1979931729947566,1.6930307379952865,0.8685909146267203,0.188737466931343
seismic-bumps,uniform,2,1,8,5,12000,0,46956,2,15,2584,2067,517,14.198529411764708,272,0.482284935998905,1.2141136880018166,1.6963986240007216,0.8720009743027646,0.1838765740394592
seismic-bumps,class_aware,3,1,8,5,12000,0,46956,2,15,2584,2067,517,14.198529411764708,272,0.475613747999887,1.209769123001024,1.685382871000911,0.7104493971501644,0.2246695309877395
seismic-bumps,uniform,3,1,8,5,12000,0,46956,2,15,2584,2067,517,14.198529411764708,272,0.4722824150012457,1.2130283730002702,1.685310788001516,0.7075264888564121,0.2268640249967575
seismic-bumps,class_aware,4,1,8,5,12000,0,46956,2,15,2584,2068,516,14.205882352941176,272,0.4742858440004056,1.2262317069980782,1.7005175509984838,0.739382474981694,0.2190002351999282
seismic-bumps,uniform,4,1,8,5,12000,0,46956,2,15,2584,2068,516,14.205882352941176,272,0.4756663919979473,1.213507483000285,1.6891738749982323,0.7459116426653649,0.2187937796115875
seismic-bumps,class_aware,0,3,8,5,12000,0,46956,2,15,2584,2067,517,14.198529411764708,544,0.5053083329985384,2.13764416200138,2.6429524949999177,0.8109852636706857,0.2020934075117111
seismic-bumps,uniform,0,3,8,5,12000,0,46956,2,15,2584,2067,517,14.198529411764708,544,0.4927643769988208,2.0914156139988336,2.5841799909976544,0.803799780781878,0.2057168036699295
seismic-bumps,class_aware,1,3,8,5,12000,0,46956,2,15,2584,2067,517,14.198529411764708,544,0.5212860039973748,2.1251620469993213,2.646448050996696,0.7545974911703812,0.2143275737762451
seismic-bumps,uniform,1,3,8,5,12000,0,46956,2,15,2584,2067,517,14.198529411764708,544,0.5100245979992906,2.118737192999106,2.6287617909983965,0.7450980392156863,0.2215292602777481
seismic-bumps,class_aware,2,3,8,5,12000,0,46956,2,15,2584,2067,517,14.198529411764708,544,0.5613219020015094,2.099320308996539,2.6606422109980485,0.8653635367190355,0.1866329312324524
seismic-bumps,uniform,2,3,8,5,12000,0,46956,2,15,2584,2067,517,14.198529411764708,544,0.5068942369980505,2.1059856390056666,2.612879876003717,0.871087565460967,0.1853401660919189
seismic-bumps,class_aware,3,3,8,5,12000,0,46956,2,15,2584,2067,517,14.198529411764708,544,0.4996408970037009,2.105145334004192,2.6047862310078926,0.7210449397150165,0.2243464291095733
seismic-bumps,uniform,3,3,8,5,12000,0,46956,2,15,2584,2067,517,14.198529411764708,544,0.5177071349971811,2.077430721001292,2.595137855998473,0.7133114115211302,0.2257328033447265
seismic-bumps,class_aware,4,3,8,5,12000,0,46956,2,15,2584,2068,516,14.205882352941176,544,0.5156508250001934,2.0563916839964804,2.572042508996674,0.7431657310226994,0.2168344408273697
seismic-bumps,uniform,4,3,8,5,12000,0,46956,2,15,2584,2068,516,14.205882352941176,544,0.4942814589958288,2.0692740220038104,2.56355548099964,0.737612887478643,0.2196808755397796
seismic-bumps,class_aware,0,5,8,5,12000,0,46956,2,15,2584,2067,517,14.198529411764708,816,0.5291610739950556,2.771709701002692,3.3008707749977475,0.8123249299719888,0.2029070705175399
seismic-bumps,uniform,0,5,8,5,12000,0,46956,2,15,2584,2067,517,14.198529411764708,816,0.510858048000955,2.7675081310007954,3.2783661790017504,0.8028254780172939,0.2058150917291641
seismic-bumps,class_aware,1,5,8,5,12000,0,46956,2,15,2584,2067,517,14.198529411764708,816,0.5069943670023349,2.749048974001198,3.256043341003533,0.7569723541590548,0.2147797644138336
seismic-bumps,uniform,1,5,8,5,12000,0,46956,2,15,2584,2067,517,14.198529411764708,816,0.5914763199980371,2.7473125149990665,3.3387888349971035,0.7489952502740227,0.2190343886613845
seismic-bumps,class_aware,2,5,8,5,12000,0,46956,2,15,2584,2067,517,14.198529411764708,816,0.5101347970048664,2.788289727999654,3.2984245250045205,0.8673121422482035,0.1848045885562896
seismic-bumps,uniform,2,5,8,5,12000,0,46956,2,15,2584,2067,517,14.198529411764708,816,0.5039470499978052,2.7963145289977547,3.30026157899556,0.8671903544026307,0.185313418507576
seismic-bumps,class_aware,3,5,8,5,12000,0,46956,2,15,2584,2067,517,14.198529411764708,816,0.5120571689985809,2.7712282280044747,3.283285397003056,0.7177566678845451,0.2262041419744491
seismic-bumps,uniform,3,5,8,5,12000,0,46956,2,15,2584,2067,517,14.198529411764708,816,0.5094961549984873,2.7653478819993325,3.27484403699782,0.7061259286323225,0.2274956107139587
seismic-bumps,class_aware,4,5,8,5,12000,0,46956,2,15,2584,2068,516,14.205882352941176,816,0.5192065480005112,2.7902464130020235,3.3094529610025347,0.7451183793019283,0.217291921377182
seismic-bumps,uniform,4,5,8,5,12000,0,46956,2,15,2584,2068,516,14.205882352941176,816,0.4992414930020459,2.771547675001784,3.27078916800383,0.7343177935074445,0.221722811460495
seismic-bumps,class_aware,0,10,8,5,12000,0,46956,2,15,2584,2067,517,14.198529411764708,1496,0.5429031679959735,4.812856890996045,5.3557600589920185,0.8126293995859213,0.2028588205575943
seismic-bumps,uniform,0,10,8,5,12000,0,46956,2,15,2584,2067,517,14.198529411764708,1496,0.5406065689967363,4.7875603060019785,5.328166874998715,0.8073316283034954,0.2040312141180038
seismic-bumps,class_aware,1,10,8,5,12000,0,46956,2,15,2584,2067,517,14.198529411764708,1496,0.5472034049962531,4.824664574000053,5.371867978996306,0.7567896723906954,0.2156692594289779
seismic-bumps,uniform,1,10,8,5,12000,0,46956,2,15,2584,2067,517,14.198529411764708,1496,0.5448183030021028,4.836597287001496,5.381415590003599,0.7518572646449885,0.2183920890092849
seismic-bumps,class_aware,2,10,8,5,12000,0,46956,2,15,2584,2067,517,14.198529411764708,1496,0.6003507630011882,4.853203156002564,5.4535539190037525,0.8677992936304957,0.184632197022438
seismic-bumps,uniform,2,10,8,5,12000,0,46956,2,15,2584,2067,517,14.198529411764708,1496,0.5437105750024784,4.836715880002885,5.380426455005363,0.8741931555230787,0.1827414780855178
seismic-bumps,class_aware,3,10,8,5,12000,0,46956,2,15,2584,2067,517,14.198529411764708,1496,0.5517655639996519,4.850691381994693,5.402456945994345,0.7148337595907929,0.2275963723659515
seismic-bumps,uniform,3,10,8,5,12000,0,46956,2,15,2584,2067,517,14.198529411764708,1496,0.5432154589943821,4.959432271003607,5.502647729997989,0.7138594568262087,0.2262972444295883
seismic-bumps,class_aware,4,10,8,5,12000,0,46956,2,15,2584,2068,516,14.205882352941176,1496,0.5926602199979243,4.941879375997814,5.534539595995739,0.7370026848913839,0.2201019078493118
seismic-bumps,uniform,4,10,8,5,12000,0,46956,2,15,2584,2068,516,14.205882352941176,1496,0.5351182049998897,5.0358822789930855,5.571000483992975,0.7296802538442763,0.2232699990272522
seismic-bumps,class_aware,0,15,8,5,12000,0,46956,2,15,2584,2067,517,14.198529411764708,2067,0.269952562994149,6.922393931999977,7.192346494994126,0.8116550968213372,0.2032953202724456
seismic-bumps,class_aware,1,15,8,5,12000,0,46956,2,15,2584,2067,517,14.198529411764708,2067,0.2836593550018733,6.802358685003128,7.086018040005001,0.7551455364754598,0.2172556966543197
seismic-bumps,class_aware,2,15,8,5,12000,0,46956,2,15,2584,2067,517,14.198529411764708,2067,0.2721673730047769,6.899509692993888,7.171677065998665,0.8687735963950798,0.1847292780876159
seismic-bumps,class_aware,3,15,8,5,12000,0,46956,2,15,2584,2067,517,14.198529411764708,2067,0.269792906998191,6.735532956001407,7.005325862999598,0.7145901838996469,0.2281398773193359
seismic-bumps,class_aware,4,15,8,5,12000,0,46956,2,15,2584,2068,516,14.205882352941176,2068,0.2736817200056975,6.761479212000268,7.035160932005965,0.7351110568708811,0.2220589071512222
seismic-bumps,class_aware,0,20,8,5,12000,0,46956,2,15,2584,2067,517,14.198529411764708,2067,0.3430225060001248,6.7203750100015895,7.063397516001714,0.8116550968213372,0.2032953202724456
seismic-bumps,class_aware,1,20,8,5,12000,0,46956,2,15,2584,2067,517,14.198529411764708,2067,0.2835901840007864,6.752090190995659,7.035680374996446,0.7551455364754598,0.2172556966543197
seismic-bumps,class_aware,2,20,8,5,12000,0,46956,2,15,2584,2067,517,14.198529411764708,2067,0.2731752680047066,6.765826634997211,7.0390019030019175,0.8687735963950798,0.1847292780876159
seismic-bumps,class_aware,3,20,8,5,12000,0,46956,2,15,2584,2067,517,14.198529411764708,2067,0.2824865290021989,6.732605441997293,7.015091970999492,0.7145901838996469,0.2281398773193359
seismic-bumps,class_aware,4,20,8,5,12000,0,46956,2,15,2584,2068,516,14.205882352941176,2068,0.2716035880002891,6.727906773005088,6.9995103610053775,0.7351110568708811,0.2220589071512222
seismic-bumps,class_aware,0,30,8,5,12000,0,46956,2,15,2584,2067,517,14.198529411764708,2067,0.2688951320014894,6.719941627998196,6.9888367599996855,0.8116550968213372,0.2032953202724456
seismic-bumps,class_aware,1,30,8,5,12000,0,46956,2,15,2584,2067,517,14.198529411764708,2067,0.2772897579998243,6.791531221999321,7.0688209799991455,0.7551455364754598,0.2172556966543197
seismic-bumps,class_aware,2,30,8,5,12000,0,46956,2,15,2584,2067,517,14.198529411764708,2067,0.272309193998808,6.722422920996905,6.994732114995713,0.8687735963950798,0.1847292780876159
seismic-bumps,class_aware,3,30,8,5,12000,0,46956,2,15,2584,2067,517,14.198529411764708,2067,0.2694589380043908,6.773061538995535,7.042520476999925,0.7145901838996469,0.2281398773193359
seismic-bumps,class_aware,4,30,8,5,12000,0,46956,2,15,2584,2068,516,14.205882352941176,2068,0.2789088909994461,6.773798010995961,7.052706901995407,0.7351110568708811,0.2220589071512222
seismic-bumps,class_aware,0,none,8,5,12000,0,46956,2,15,2584,2067,517,14.198529411764708,2067,0.2800942769972607,6.769810181001958,7.049904457999219,0.8116550968213372,0.2032953202724456
seismic-bumps,class_aware,1,none,8,5,12000,0,46956,2,15,2584,2067,517,14.198529411764708,2067,0.2897157059996971,6.772508087997267,7.062223793996964,0.7551455364754598,0.2172556966543197
seismic-bumps,class_aware,2,none,8,5,12000,0,46956,2,15,2584,2067,517,14.198529411764708,2067,0.3544967339985305,6.7957361029984895,7.15023283699702,0.8687735963950798,0.1847292780876159
seismic-bumps,class_aware,3,none,8,5,12000,0,46956,2,15,2584,2067,517,14.198529411764708,2067,0.3056162459979532,6.769459472998278,7.075075718996232,0.7145901838996469,0.2281398773193359
seismic-bumps,class_aware,4,none,8,5,12000,0,46956,2,15,2584,2068,516,14.205882352941176,2068,0.2713219469951582,6.74400017199514,7.015322118990298,0.7351110568708811,0.2220589071512222
anneal,class_aware,0,1,1,5,12000,0,46906,5,38,898,718,180,91.16666666666669,30,0.1940514210000401,0.0818920759993488,0.275943496999389,0.981591569767442,0.2739400267601013
anneal,uniform,0,1,1,5,12000,0,46906,5,38,898,718,180,91.16666666666669,30,0.4299092129949713,0.0837549900024896,0.513664202997461,0.9777172157622738,0.2972499132156372
anneal,class_aware,1,1,1,5,12000,0,46906,5,38,898,718,180,91.16666666666669,30,0.2324586440008715,0.0774653180051245,0.3099239620059961,0.9315770348837208,0.3244801461696625
anneal,uniform,1,1,1,5,12000,0,46906,5,38,898,718,180,91.16666666666669,30,0.1968344359993352,0.0778157009990536,0.2746501369983889,0.8963085135364668,0.4902497231960296
anneal,class_aware,2,1,1,5,12000,0,46906,5,38,898,718,180,91.16666666666669,30,0.1912598179987981,0.0912381109956186,0.2824979289944167,0.9593725775193798,0.3399870097637176
anneal,uniform,2,1,1,5,12000,0,46906,5,38,898,718,180,91.16666666666669,30,0.1961510490000364,0.0782114989997353,0.2743625479997718,0.962359777385826,0.3089572191238403
anneal,class_aware,3,1,1,5,12000,0,46906,5,38,898,719,179,78.14285714285714,35,0.1909566289978101,0.0778892669986817,0.2688458959964919,0.9920848613698372,0.1071389466524124
anneal,uniform,3,1,1,5,12000,0,46906,5,38,898,719,179,78.14285714285714,35,0.193171237995557,0.0828986010019434,0.2760698389975005,0.9541560957427782,0.2955352663993835
anneal,class_aware,4,1,1,5,12000,0,46906,5,38,898,719,179,78.28571428571429,35,0.193948033003835,0.0770156399958068,0.2709636729996418,0.9583770505971716,0.2503437399864197
anneal,uniform,4,1,1,5,12000,0,46906,5,38,898,719,179,78.28571428571429,35,0.1904230889995233,0.0748888599991914,0.2653119489987148,0.9499086920765156,0.4263953864574432
anneal,class_aware,0,3,1,5,12000,0,46906,5,38,898,718,180,91.16666666666669,78,0.1899561300015193,0.0998361950041726,0.2897923250056919,0.9958615956072352,0.1404951363801956
anneal,uniform,0,3,1,5,12000,0,46906,5,38,898,718,180,91.16666666666669,78,0.1907117380033014,0.1210892150047584,0.3118009530080599,0.9787322079232356,0.2174785137176513
anneal,class_aware,1,3,1,5,12000,0,46906,5,38,898,718,180,91.16666666666669,78,0.2645234970041201,0.0995707000038237,0.3640941970079439,0.9955434431524548,0.0779726058244705
anneal,uniform,1,3,1,5,12000,0,46906,5,38,898,718,180,91.16666666666669,78,0.1923300350026693,0.102345854997111,0.2946758899997803,0.967938468992248,0.3710138499736786
anneal,class_aware,2,3,1,5,12000,0,46906,5,38,898,718,180,91.16666666666669,78,0.1910014869936276,0.0905281550003564,0.2815296419939841,0.9996167581221148,0.2531480193138122
anneal,uniform,2,3,1,5,12000,0,46906,5,38,898,718,180,91.16666666666669,78,0.1916230070055462,0.1000538899970706,0.2916768970026169,1.0,0.0368213839828968
anneal,class_aware,3,3,1,5,12000,0,46906,5,38,898,719,179,78.14285714285714,91,0.1913785280048614,0.1038196600056835,0.295198188010545,0.9928829459668044,0.0752646401524543
anneal,uniform,3,3,1,5,12000,0,46906,5,38,898,719,179,78.14285714285714,91,0.1916548589942976,0.1054105990042444,0.2970654579985421,0.9920368000955668,0.1101642400026321
anneal,class_aware,4,3,1,5,12000,0,46906,5,38,898,719,179,78.28571428571429,91,0.2064121840012376,0.0996735669978079,0.3060857509990455,0.9985708717682212,0.0805583223700523
anneal,uniform,4,3,1,5,12000,0,46906,5,38,898,719,179,78.28571428571429,91,0.1924297930017928,0.0965427670016652,0.288972560003458,0.9723115418407527,0.2545409500598907
anneal,class_aware,0,5,1,5,12000,0,46906,5,38,898,718,180,91.16666666666669,126,0.1906382080051116,0.1134448430020711,0.3040830510071828,0.9956282299741602,0.0538555681705474
anneal,uniform,0,5,1,5,12000,0,46906,5,38,898,718,180,91.16666666666669,126,0.190817398004583,0.1154948080002213,0.3063122060048044,0.9955703081903436,0.1030095219612121
anneal,class_aware,1,5,1,5,12000,0,46906,5,38,898,718,180,91.16666666666669,126,0.2647700119996443,0.1150892069999827,0.379859218999627,0.997327196382429,0.0796048194169998
anneal,uniform,1,5,1,5,12000,0,46906,5,38,898,718,180,91.16666666666669,126,0.1911540979999699,0.1173796939983731,0.3085337919983431,0.9896269379844964,0.150879368185997
anneal,class_aware,2,5,1,5,12000,0,46906,5,38,898,718,180,91.16666666666669,126,0.1936678210040554,0.1121672810040763,0.3058351020081318,1.0,0.026994252577424
anneal,uniform,2,5,1,5,12000,0,46906,5,38,898,718,180,91.16666666666669,126,0.1904703769978368,0.1151807179994648,0.3056510949973017,0.9999375780274656,0.0387032143771648
anneal,class_aware,3,5,1,5,12000,0,46906,5,38,898,719,179,78.14285714285714,144,0.1921119749968056,0.1184773079949081,0.3105892829917138,0.9973307507674466,0.0425635874271392
anneal,uniform,3,5,1,5,12000,0,46906,5,38,898,719,179,78.14285714285714,144,0.1911505719981505,0.1176860240011592,0.3088365959993098,0.9935892080965076,0.0965068787336349
anneal,class_aware,4,5,1,5,12000,0,46906,5,38,898,719,179,78.28571428571429,144,0.1923437740042572,0.1078752419998636,0.3002190160041209,0.9988307132649084,0.0637368112802505
anneal,uniform,4,5,1,5,12000,0,46906,5,38,898,719,179,78.28571428571429,144,0.1930206469987752,0.1083456420019501,0.3013662890007254,0.9979985585232836,0.0697825849056243
anneal,class_aware,0,10,1,5,12000,0,46906,5,38,898,718,180,91.16666666666669,212,0.1913338520025718,0.1612752559958608,0.3526091079984326,0.9982412790697676,0.0490858443081378
anneal,uniform,0,10,1,5,12000,0,46906,5,38,898,718,180,91.16666666666669,212,0.1923372890014434,0.1392732429958414,0.3316105319972848,0.99822386805737,0.0644159764051437
anneal,class_aware,1,10,1,5,12000,0,46906,5,38,898,718,180,91.16666666666669,212,0.1920774600002914,0.1470468650004477,0.3391243250007392,0.996845122739018,0.0968113616108894
anneal,uniform,1,10,1,5,12000,0,46906,5,38,898,718,180,91.16666666666669,212,0.2675546099999337,0.1405741640046471,0.4081287740045809,0.9934843346253228,0.1346541047096252
anneal,class_aware,2,10,1,5,12000,0,46906,5,38,898,718,180,91.16666666666669,212,0.1918997059983667,0.1404328970020287,0.3323326030003954,0.9999375780274656,0.0327772870659828
anneal,uniform,2,10,1,5,12000,0,46906,5,38,898,718,180,91.16666666666669,212,0.1927623789961217,0.1388967060047434,0.3316590850008651,0.999647969108382,0.0374742597341537
anneal,class_aware,3,10,1,5,12000,0,46906,5,38,898,719,179,78.14285714285714,232,0.1917227399972034,0.1417779589974088,0.3335006989946123,0.9965012808211602,0.0492373257875442
anneal,uniform,3,10,1,5,12000,0,46906,5,38,898,719,179,78.14285714285714,232,0.1917662750056479,0.1458210749988211,0.337587350004469,0.996295217779976,0.087895855307579
anneal,class_aware,4,10,1,5,12000,0,46906,5,38,898,719,179,78.28571428571429,232,0.1953866190015105,0.1379506780067458,0.3333372970082564,0.9997401585033128,0.0488401129841804
anneal,uniform,4,10,1,5,12000,0,46906,5,38,898,719,179,78.28571428571429,232,0.190574028994888,0.1323381370020797,0.3229121659969678,0.9998386939023376,0.0490538589656353
anneal,class_aware,0,15,1,5,12000,0,46906,5,38,898,718,180,91.16666666666669,261,0.1918661140007316,0.1522584859994822,0.3441246000002138,0.996904877260982,0.0592169426381588
anneal,uniform,0,15,1,5,12000,0,46906,5,38,898,718,180,91.16666666666669,261,0.195632620001561,0.156392468001286,0.352025088002847,0.9987129641726912,0.0632029101252555
anneal,class_aware,1,15,1,5,12000,0,46906,5,38,898,718,180,91.16666666666669,261,0.1990092560008634,0.164013232999423,0.3630224890002864,1.0,0.0119887748733162
anneal,uniform,1,15,1,5,12000,0,46906,5,38,898,718,180,91.16666666666669,261,0.2638819569983752,0.1581315430012182,0.4220134999995935,0.9943636950904392,0.1352431178092956
anneal,class_aware,2,15,1,5,12000,0,46906,5,38,898,718,180,91.16666666666669,261,0.1920192469988251,0.1597909600022831,0.3518102070011082,0.9993895711755654,0.0372157134115695
anneal,uniform,2,15,1,5,12000,0,46906,5,38,898,718,180,91.16666666666669,261,0.1917328869967605,0.1689576179996947,0.3606905049964553,0.9998395900473246,0.0288570541888475
anneal,class_aware,3,15,1,5,12000,0,46906,5,38,898,719,179,78.14285714285714,277,0.1913193189975572,0.168830901995534,0.3601502209930913,0.9988805892076243,0.0581197366118431
anneal,uniform,3,15,1,5,12000,0,46906,5,38,898,719,179,78.14285714285714,277,0.1928205860021989,0.1914611870015505,0.3842817730037495,0.9974233860549518,0.0897449702024459
anneal,class_aware,4,15,1,5,12000,0,46906,5,38,898,719,179,78.28571428571429,276,0.1926209469966124,0.1617152619946864,0.3543362089912989,0.9978648873243924,0.053561195731163
anneal,uniform,4,15,1,5,12000,0,46906,5,38,898,719,179,78.28571428571429,276,0.1926841719978256,0.15318562000175,0.3458697919995757,0.9998386939023376,0.0508685074746608
anneal,class_aware,0,20,1,5,12000,0,46906,5,38,898,718,180,91.16666666666669,291,0.1921393079974223,0.1926117969996994,0.3847511049971217,0.996810400516796,0.0521988868713378
anneal,uniform,0,20,1,5,12000,0,46906,5,38,898,718,180,91.16666666666669,291,0.193051263995585,0.1830726280022645,0.3761238919978495,0.9983652883024128,0.0656709671020507
anneal,class_aware,1,20,1,5,12000,0,46906,5,38,898,718,180,91.16666666666669,291,0.1925670470009208,0.2048770039982628,0.3974440509991837,1.0,0.0076487115584313
anneal,uniform,1,20,1,5,12000,0,46906,5,38,898,718,180,91.16666666666669,291,0.1943887420056853,0.1851655100035714,0.3795542520092567,0.9926146640826872,0.1310037970542907
anneal,class_aware,2,20,1,5,12000,0,46906,5,38,898,718,180,91.16666666666669,291,0.1935326680031721,0.180425295002351,0.3739579630055232,0.9993895711755654,0.0393436439335346
anneal,uniform,2,20,1,5,12000,0,46906,5,38,898,718,180,91.16666666666669,291,0.2646325989990146,0.1782141750009032,0.4428467739999178,0.9996791800946492,0.0310780145227909
anneal,class_aware,3,20,1,5,12000,0,46906,5,38,898,719,179,78.14285714285714,312,0.1923195670024142,0.2009860449979896,0.3933056120004039,0.9988805892076243,0.0560108534991741
anneal,uniform,3,20,1,5,12000,0,46906,5,38,898,719,179,78.14285714285714,312,0.1964730089966906,0.2079275440046331,0.4044005530013237,0.9987149049784296,0.0556319691240787
anneal,class_aware,4,20,1,5,12000,0,46906,5,38,898,719,179,78.28571428571429,311,0.2002843890004442,0.1901599990014801,0.3904443880019244,1.0,0.0072572650387883
anneal,uniform,4,20,1,5,12000,0,46906,5,38,898,719,179,78.28571428571429,311,0.1938257509973482,0.1860596760016051,0.3798854269989533,1.0,0.0247821193188428
anneal,class_aware,0,30,1,5,12000,0,46906,5,38,898,718,180,91.16666666666669,351,0.2195115640060976,0.2125327920002746,0.4320443560063722,0.996810400516796,0.0517676882445812
anneal,uniform,0,30,1,5,12000,0,46906,5,38,898,718,180,91.16666666666669,351,0.1956480959997861,0.2161055139949894,0.4117536099947756,0.9989914405684752,0.0339456163346767
anneal,class_aware,1,30,1,5,12000,0,46906,5,38,898,718,180,91.16666666666669,351,0.1969476529993699,0.224113133001083,0.4210607860004529,1.0,0.0085676154121756
anneal,uniform,1,30,1,5,12000,0,46906,5,38,898,718,180,91.16666666666669,351,0.1971376000001328,0.2152652250006212,0.4124028250007541,0.9925775193798448,0.1129365041851997
anneal,class_aware,2,30,1,5,12000,0,46906,5,38,898,718,180,91.16666666666669,351,0.1949688130043796,0.2027956130041275,0.3977644260085071,1.0,0.0235781595110893
anneal,uniform,2,30,1,5,12000,0,46906,5,38,898,718,180,91.16666666666669,351,0.2822994900052435,0.2030408819991862,0.4853403720044298,0.9991311732427488,0.0581574775278568
anneal,class_aware,3,30,1,5,12000,0,46906,5,38,898,719,179,78.14285714285714,382,0.1937568210050813,0.2207868519981275,0.4145436730032088,0.9988492038583056,0.0478443764150142
anneal,uniform,3,30,1,5,12000,0,46906,5,38,898,719,179,78.14285714285714,382,0.2171900729954359,0.2097803739961818,0.4269704469916178,0.99920810332487,0.052578791975975
anneal,class_aware,4,30,1,5,12000,0,46906,5,38,898,719,179,78.28571428571429,381,0.1954767080023884,0.202317661998677,0.3977943700010655,1.0,0.0054019656963646
anneal,uniform,4,30,1,5,12000,0,46906,5,38,898,719,179,78.28571428571429,381,0.217322451993823,0.2034803319984348,0.4208027839922579,1.0,0.0224967300891876
anneal,class_aware,0,none,1,5,12000,0,46906,5,38,898,718,180,91.16666666666669,718,0.1937776679988019,0.3390850869982387,0.5328627549970406,1.0,0.0175348911434412
anneal,class_aware,1,none,1,5,12000,0,46906,5,38,898,718,180,91.16666666666669,718,0.1981915159994969,0.3550813080000807,0.5532728239995777,1.0,0.0024461951106786
anneal,class_aware,2,none,1,5,12000,0,46906,5,38,898,718,180,91.16666666666669,718,0.1970720919998712,0.337284928005829,0.5343570200057002,1.0,0.021146573126316
anneal,class_aware,3,none,1,5,12000,0,46906,5,38,898,719,179,78.14285714285714,719,0.1962015350000001,0.3420010230038315,0.5382025580038317,0.999405172903384,0.0337089896202087
anneal,class_aware,4,none,1,5,12000,0,46906,5,38,898,719,179,78.28571428571429,719,0.1936792279957444,0.3234374109961209,0.5171166389918653,1.0,0.0055569345131516
anneal,class_aware,0,1,4,5,12000,0,46906,5,38,898,718,180,91.16666666666669,30,0.4336239170006593,0.2700552089954726,0.7036791259961319,0.9966908914728684,0.1059429794549942
anneal,uniform,0,1,4,5,12000,0,46906,5,38,898,718,180,91.16666666666669,30,0.4005836060023284,0.281728795998788,0.6823124020011164,0.9810887825537844,0.268981009721756
anneal,class_aware,1,1,4,5,12000,0,46906,5,38,898,718,180,91.16666666666669,30,0.4055558199979714,0.2954918939940398,0.7010477139920113,0.9657396640826872,0.2726481556892395
anneal,uniform,1,1,4,5,12000,0,46906,5,38,898,718,180,91.16666666666669,30,0.4046213600013288,0.2912615460008965,0.6958829060022254,0.976373546511628,0.302340030670166
anneal,class_aware,2,1,4,5,12000,0,46906,5,38,898,718,180,91.16666666666669,30,0.4554003400044166,0.3082232240049052,0.7636235640093219,0.9944444444444444,0.1535343825817108
anneal,uniform,2,1,4,5,12000,0,46906,5,38,898,718,180,91.16666666666669,30,0.4362782519965549,0.2848636339986115,0.7211418859951664,0.9986539082687338,0.2268647104501724
anneal,class_aware,3,1,4,5,12000,0,46906,5,38,898,719,179,78.14285714285714,35,0.5313008400044055,0.2880677550056134,0.8193685950100189,0.985050636341235,0.1211719810962677
anneal,uniform,3,1,4,5,12000,0,46906,5,38,898,719,179,78.14285714285714,35,0.4126050199993187,0.2635667530048522,0.676171773004171,0.9875938574676182,0.2104900032281875
anneal,class_aware,4,1,4,5,12000,0,46906,5,38,898,719,179,78.28571428571429,35,0.4211054000043077,0.280613369999628,0.7017187700039358,0.9598046449527424,0.237727865576744
anneal,uniform,4,1,4,5,12000,0,46906,5,38,898,719,179,78.28571428571429,35,0.3918447730029584,0.2813332900041132,0.6731780630070716,0.9875579881856126,0.27053964138031
anneal,class_aware,0,3,4,5,12000,0,46906,5,38,898,718,180,91.16666666666669,78,0.4418122159986524,0.36351929599914,0.8053315119977924,0.995826873385013,0.0755265280604362
anneal,uniform,0,3,4,5,12000,0,46906,5,38,898,718,180,91.16666666666669,78,0.4345017960004043,0.351908517004631,0.7864103130050353,0.9985093669250646,0.0683569386601448
anneal,class_aware,1,3,4,5,12000,0,46906,5,38,898,718,180,91.16666666666669,78,0.4305492459970992,0.3724070989992469,0.8029563449963462,0.9966020671834626,0.0938648208975792
anneal,uniform,1,3,4,5,12000,0,46906,5,38,898,718,180,91.16666666666669,78,0.4121659030060982,0.3583608269982505,0.7705267300043488,0.982469315245478,0.257318913936615
anneal,class_aware,2,3,4,5,12000,0,46906,5,38,898,718,180,91.16666666666669,78,0.4568746759978239,0.3632339760006289,0.8201086519984528,1.0,0.0527816042304039
anneal,uniform,2,3,4,5,12000,0,46906,5,38,898,718,180,91.16666666666669,78,0.4232613229978597,0.357541328005027,0.7808026510028867,0.9998708010335916,0.0631868541240692
anneal,class_aware,3,3,4,5,12000,0,46906,5,38,898,719,179,78.14285714285714,91,0.4450048239959869,0.3933052710053744,0.8383100950013613,0.998550505529616,0.0579104200005531
anneal,uniform,3,3,4,5,12000,0,46906,5,38,898,719,179,78.14285714285714,91,0.4949507589990389,0.4225723710042075,0.9175231300032464,0.9947972339936948,0.0944534391164779
anneal,class_aware,4,3,4,5,12000,0,46906,5,38,898,719,179,78.28571428571429,91,0.4542322900015278,0.3612935259952792,0.8155258159968071,0.9954838240497196,0.112400509417057
anneal,uniform,4,3,4,5,12000,0,46906,5,38,898,719,179,78.28571428571429,91,0.4323178410049877,0.3594691840044106,0.7917870250093983,0.9845418822819968,0.1750653088092804
anneal,class_aware,0,5,4,5,12000,0,46906,5,38,898,718,180,91.16666666666669,126,0.450099391004187,0.4438554949956597,0.8939548859998467,0.9983704780361756,0.053574301302433
anneal,uniform,0,5,4,5,12000,0,46906,5,38,898,718,180,91.16666666666669,126,0.4397518089972436,0.4309603490037261,0.8707121580009698,0.9986038436692506,0.0427575707435607
anneal,class_aware,1,5,4,5,12000,0,46906,5,38,898,718,180,91.16666666666669,126,0.4459437949990388,0.4411806799980695,0.8871244749971083,0.994937822997416,0.1067157983779907
anneal,uniform,1,5,4,5,12000,0,46906,5,38,898,718,180,91.16666666666669,126,0.4485024389941827,0.4409129150008084,0.8894153539949912,0.9929328165374676,0.1128788068890571
anneal,class_aware,2,5,4,5,12000,0,46906,5,38,898,718,180,91.16666666666669,126,0.4476891469967086,0.4692867199992179,0.9169758669959264,1.0,0.0144967064261436
anneal,uniform,2,5,4,5,12000,0,46906,5,38,898,718,180,91.16666666666669,126,0.4692241880038637,0.4493555419976474,0.918579730001511,0.9999687890137328,0.0438986308872699
anneal,class_aware,3,5,4,5,12000,0,46906,5,38,898,719,179,78.14285714285714,144,0.4814405639990582,0.4784210889993119,0.95986165299837,0.998950832608481,0.0524634346365928
anneal,uniform,3,5,4,5,12000,0,46906,5,38,898,719,179,78.14285714285714,144,0.432543426999473,0.4517578330051037,0.8843012600045768,0.9974537226039594,0.0676774382591247
anneal,class_aware,4,5,4,5,12000,0,46906,5,38,898,719,179,78.28571428571429,144,0.5251348500023596,0.4506232679996174,0.975758118001977,0.9997401585033128,0.0506391152739524
anneal,uniform,4,5,4,5,12000,0,46906,5,38,898,719,179,78.28571428571429,144,0.4319853569977567,0.4400976169999921,0.8720829739977489,0.987400138745554,0.1796141117811203
anneal,class_aware,0,10,4,5,12000,0,46906,5,38,898,718,180,91.16666666666669,212,0.4823027219972573,0.5420536339952378,1.024356355992495,0.9990859173126616,0.0382057391107082
anneal,uniform,0,10,4,5,12000,0,46906,5,38,898,718,180,91.16666666666669,212,0.5070042229999672,0.5487155289956718,1.055719751995639,0.9996721576227392,0.0280300825834274
anneal,class_aware,1,10,4,5,12000,0,46906,5,38,898,718,180,91.16666666666669,212,0.4526461970017408,0.5473453710001195,0.9999915680018604,0.9992248062015504,0.0430587083101272
anneal,uniform,1,10,4,5,12000,0,46906,5,38,898,718,180,91.16666666666669,212,0.4780414529959671,0.5434037910017651,1.0214452439977322,0.9981492248062014,0.0630051046609878
anneal,class_aware,2,10,4,5,12000,0,46906,5,38,898,718,180,91.16666666666669,212,0.4684267859993269,0.5542507300051511,1.022677516004478,1.0,0.0079661617055535
anneal,uniform,2,10,4,5,12000,0,46906,5,38,898,718,180,91.16666666666669,212,0.4786151660009636,0.5464102130063111,1.0250253790072748,1.0,0.0308521222323179
anneal,class_aware,3,10,4,5,12000,0,46906,5,38,898,719,179,78.14285714285714,232,0.4555552009987877,0.5898038810046273,1.045359082003415,0.9983171474603274,0.0581717267632484
anneal,uniform,3,10,4,5,12000,0,46906,5,38,898,719,179,78.14285714285714,232,0.4517496170010417,0.5853262829987216,1.0370758999997634,0.9985818908789352,0.0485815592110157
anneal,class_aware,4,10,4,5,12000,0,46906,5,38,898,719,179,78.28571428571429,232,0.4587143519966048,0.6626619849994313,1.121376336996036,1.0,0.0115414913743734
anneal,uniform,4,10,4,5,12000,0,46906,5,38,898,719,179,78.28571428571429,232,0.4672706799974548,0.5596782110005734,1.0269488909980282,0.9962175902887918,0.1175377294421196
anneal,class_aware,0,15,4,5,12000,0,46906,5,38,898,718,180,91.16666666666669,261,0.469043272001727,0.6384385149940499,1.107481786995777,0.996939599483204,0.06491269916296
anneal,uniform,0,15,4,5,12000,0,46906,5,38,898,718,180,91.16666666666669,261,0.4861312650027685,0.6150648830007412,1.1011961480035095,0.9990261627906978,0.0390685573220253
anneal,class_aware,1,15,4,5,12000,0,46906,5,38,898,718,180,91.16666666666669,261,0.4701124579951283,0.6411585370005923,1.111270994995721,0.9998708010335916,0.0212759636342525
anneal,uniform,1,15,4,5,12000,0,46906,5,38,898,718,180,91.16666666666669,261,0.4656904189978377,0.6030183850016329,1.0687088039994703,0.9980200258397932,0.0674065351486206
anneal,class_aware,2,15,4,5,12000,0,46906,5,38,898,718,180,91.16666666666669,261,0.4634336599992821,0.6363826880042325,1.0998163480035146,1.0,0.0061104726046323
anneal,uniform,2,15,4,5,12000,0,46906,5,38,898,718,180,91.16666666666669,261,0.4611078160014585,0.6164452230004827,1.0775530390019412,1.0,0.0218613166362047
anneal,class_aware,3,15,4,5,12000,0,46906,5,38,898,719,179,78.14285714285714,277,0.4663114430004498,0.6426618190016598,1.1089732620021095,0.9989119745569434,0.0500130467116832
anneal,uniform,3,15,4,5,12000,0,46906,5,38,898,719,179,78.14285714285714,277,0.472821985000337,0.6541904119949322,1.1270123969952692,0.9985818908789352,0.0498199462890625
anneal,class_aware,4,15,4,5,12000,0,46906,5,38,898,719,179,78.28571428571429,276,0.4633425780048128,0.6182546449999791,1.081597223004792,0.9998700792516564,0.0295926090329885
anneal,uniform,4,15,4,5,12000,0,46906,5,38,898,719,179,78.28571428571429,276,0.5407702619995689,0.6397620930001722,1.180532354999741,0.9971727937781856,0.1045534163713455
anneal,class_aware,0,20,4,5,12000,0,46906,5,38,898,718,180,91.16666666666669,291,0.4757426130017848,0.6703897519983002,1.146132365000085,0.9975258397932818,0.0528787411749362
anneal,uniform,0,20,4,5,12000,0,46906,5,38,898,718,180,91.16666666666669,291,0.4813744320053956,0.697719010997389,1.1790934430027846,0.9994137596899224,0.0296294018626213
anneal,class_aware,1,20,4,5,12000,0,46906,5,38,898,718,180,91.16666666666669,291,0.4641047660043114,0.6852040259982459,1.149308792002557,1.0,0.0171950291842222
anneal,uniform,1,20,4,5,12000,0,46906,5,38,898,718,180,91.16666666666669,291,0.4770411560020875,0.6956214579986408,1.1726626140007284,0.9979853036175712,0.0666417405009269
anneal,class_aware,2,20,4,5,12000,0,46906,5,38,898,718,180,91.16666666666669,291,0.4773204000011901,0.6830618870008038,1.160382287001994,1.0,0.0051255179569125
anneal,uniform,2,20,4,5,12000,0,46906,5,38,898,718,180,91.16666666666669,291,0.4548349450051319,0.6717499870064785,1.1265849320116104,1.0,0.017880842089653
anneal,class_aware,3,20,4,5,12000,0,46906,5,38,898,719,179,78.14285714285714,312,0.4620412679942092,0.7251958109991392,1.1872370789933484,0.9988805892076243,0.0476478710770607
anneal,uniform,3,20,4,5,12000,0,46906,5,38,898,719,179,78.14285714285714,312,0.4633016099978704,0.702689192003163,1.1659908020010334,0.9987149049784296,0.0436668172478675
anneal,class_aware,4,20,4,5,12000,0,46906,5,38,898,719,179,78.28571428571429,311,0.4653689210026641,0.7100567090019467,1.1754256300046109,1.0,0.0275638680905103
anneal,uniform,4,20,4,5,12000,0,46906,5,38,898,719,179,78.28571428571429,311,0.4567029459940386,0.6924801760033006,1.1491831219973392,0.9976295591764496,0.0614055767655372
anneal,class_aware,0,30,4,5,12000,0,46906,5,38,898,718,180,91.16666666666669,351,0.5518014140034211,0.7785604689997854,1.3303618830032065,0.9982412790697676,0.049978882074356
anneal,uniform,0,30,4,5,12000,0,46906,5,38,898,718,180,91.16666666666669,351,0.4929186820008908,0.8038174260000233,1.296736108000914,0.9993790374677004,0.0272428747266531
anneal,class_aware,1,30,4,5,12000,0,46906,5,38,898,718,180,91.16666666666669,351,0.4703239070004201,0.772243562998483,1.242567469998903,1.0,0.0116585521027445
anneal,uniform,1,30,4,5,12000,0,46906,5,38,898,718,180,91.16666666666669,351,0.4954433039965806,0.8113404390023788,1.3067837429989595,0.9993192829457364,0.0456105023622512
anneal,class_aware,2,30,4,5,12000,0,46906,5,38,898,718,180,91.16666666666669,351,0.4952010179986246,0.7794942990003619,1.2746953169989863,1.0,0.0069326730445027
anneal,uniform,2,30,4,5,12000,0,46906,5,38,898,718,180,91.16666666666669,351,0.4881734100054018,0.9064886609994574,1.3946620710048592,1.0,0.0224241018295288
anneal,class_aware,3,30,4,5,12000,0,46906,5,38,898,719,179,78.14285714285714,382,0.4785945229959907,0.8681495689961594,1.34674409199215,0.9988805892076243,0.0447410233318805
anneal,uniform,3,30,4,5,12000,0,46906,5,38,898,719,179,78.14285714285714,382,0.4855354330065893,0.8198710369979381,1.3054064700045274,0.9987462903277484,0.0461310371756553
anneal,class_aware,4,30,4,5,12000,0,46906,5,38,898,719,179,78.28571428571429,381,0.4743972239957656,0.8020698030013591,1.2764670269971248,1.0,0.023560132831335
anneal,uniform,4,30,4,5,12000,0,46906,5,38,898,719,179,78.28571428571429,381,0.4802165789951687,0.828669301001355,1.3088858799965235,0.998159864620946,0.0515579245984554
anneal,class_aware,0,none,4,5,12000,0,46906,5,38,898,718,180,91.16666666666669,718,0.3631887809970067,1.289708817996143,1.6528975989931496,0.9996721576227392,0.0253979861736297
anneal,class_aware,1,none,4,5,12000,0,46906,5,38,898,718,180,91.16666666666669,718,0.4392757570021786,1.2700316679984098,1.7093074250005884,1.0,0.002557257656008
anneal,class_aware,2,none,4,5,12000,0,46906,5,38,898,718,180,91.16666666666669,718,0.3675940550019732,1.276791513999342,1.6443855690013152,1.0,0.0135919731110334
anneal,class_aware,3,none,4,5,12000,0,46906,5,38,898,719,179,78.14285714285714,719,0.35866169899964,1.399018001000513,1.7576797000001534,0.9988805892076243,0.0372378528118133
anneal,class_aware,4,none,4,5,12000,0,46906,5,38,898,719,179,78.28571428571429,719,0.3440147799992701,1.2586112139979375,1.6026259939972078,1.0,0.0118783386424183
anneal,class_aware,0,1,8,5,12000,0,46906,5,38,898,718,180,91.16666666666669,30,0.7719823010047548,0.5489527350000571,1.320935036004812,0.996517280361757,0.0932370275259018
anneal,uniform,0,1,8,5,12000,0,46906,5,38,898,718,180,91.16666666666669,30,0.6098465640025097,0.6392715679976391,1.2491181320001488,0.9933615956072352,0.2268257737159729
anneal,class_aware,1,1,8,5,12000,0,46906,5,38,898,718,180,91.16666666666669,30,0.6393194379998022,0.5582068299991079,1.19752626799891,0.9741690891472868,0.2106449902057647
anneal,uniform,1,1,8,5,12000,0,46906,5,38,898,718,180,91.16666666666669,30,0.5989744959952077,0.6304636099957861,1.2294381059909938,0.9866715116279068,0.2739500999450683
anneal,class_aware,2,1,8,5,12000,0,46906,5,38,898,718,180,91.16666666666669,30,0.6511837529978948,0.8896392919996288,1.5408230449975235,0.9978682170542637,0.1318001449108123
anneal,uniform,2,1,8,5,12000,0,46906,5,38,898,718,180,91.16666666666669,30,0.6042960339982528,0.633745479004574,1.2380415130028268,0.9964123062015504,0.2644170224666595
anneal,class_aware,3,1,8,5,12000,0,46906,5,38,898,719,179,78.14285714285714,35,0.6536558270017849,0.5786477799993008,1.2323036070010858,0.9900354006813112,0.1143634095788002
anneal,uniform,3,1,8,5,12000,0,46906,5,38,898,719,179,78.14285714285714,35,0.610536473999673,0.5597478740019142,1.1702843480015872,0.989069062294386,0.186403289437294
anneal,class_aware,4,1,8,5,12000,0,46906,5,38,898,719,179,78.28571428571429,35,0.6608017280013883,0.5588597160021891,1.2196614440035771,0.9824214776156356,0.188815638422966
anneal,uniform,4,1,8,5,12000,0,46906,5,38,898,719,179,78.28571428571429,35,0.6108692329944461,0.5666220619968954,1.1774912949913414,0.9825031887781156,0.2806606590747833
anneal,class_aware,0,3,8,5,12000,0,46906,5,38,898,718,180,91.16666666666669,78,0.6976043149988982,0.7099238640003023,1.4075281789992005,0.9959560723514213,0.0694492012262344
anneal,uniform,0,3,8,5,12000,0,46906,5,38,898,718,180,91.16666666666669,78,0.7395416009967448,0.708183040995209,1.4477246419919538,0.9978286498708012,0.0811369717121124
anneal,class_aware,1,3,8,5,12000,0,46906,5,38,898,718,180,91.16666666666669,78,0.6749673490048735,0.7234553850066732,1.3984227340115467,0.9951614987080104,0.092085063457489
anneal,uniform,1,3,8,5,12000,0,46906,5,38,898,718,180,91.16666666666669,78,0.6423673480021534,0.7011525569978403,1.3435199049999935,0.9876946059431524,0.1979736089706421
anneal,class_aware,2,3,8,5,12000,0,46906,5,38,898,718,180,91.16666666666669,78,0.7005673899984686,0.7228842550030095,1.423451645001478,1.0,0.0387436710298061
anneal,uniform,2,3,8,5,12000,0,46906,5,38,898,718,180,91.16666666666669,78,0.6562194290017942,0.7350696840003366,1.3912891130021308,1.0,0.0542800948023796
anneal,class_aware,3,3,8,5,12000,0,46906,5,38,898,719,179,78.14285714285714,91,0.7160419289939455,0.7210600529942894,1.437101981988235,0.997658264884692,0.0663651749491691
anneal,uniform,3,3,8,5,12000,0,46906,5,38,898,719,179,78.14285714285714,91,0.6744865629952983,0.7295091150008375,1.4039956779961358,0.9965540967660924,0.0813376754522323
anneal,class_aware,4,3,8,5,12000,0,46906,5,38,898,719,179,78.28571428571429,91,0.7026995869964594,0.6924746030053939,1.3951741900018533,0.9955402047518308,0.0795717313885688
anneal,uniform,4,3,8,5,12000,0,46906,5,38,898,719,179,78.28571428571429,91,0.665699281002162,0.7312810310031637,1.3969803120053257,0.9862063386617184,0.1614414304494857
anneal,class_aware,0,5,8,5,12000,0,46906,5,38,898,718,180,91.16666666666669,126,0.6935342699944158,0.860570368997287,1.5541046389917028,0.9978189599483206,0.0572572089731693
anneal,uniform,0,5,8,5,12000,0,46906,5,38,898,718,180,91.16666666666669,126,0.6834406490015681,0.8174396519971197,1.5008803009986875,0.9990261627906976,0.0462371557950973
anneal,class_aware,1,5,8,5,12000,0,46906,5,38,898,718,180,91.16666666666669,126,0.7666314640009659,0.8283999940031208,1.5950314580040867,0.994937822997416,0.0861677974462509
anneal,uniform,1,5,8,5,12000,0,46906,5,38,898,718,180,91.16666666666669,126,0.6793464170041261,0.8833312569986447,1.5626776740027708,0.9943863049095608,0.1015746518969535
anneal,class_aware,2,5,8,5,12000,0,46906,5,38,898,718,180,91.16666666666669,126,0.6969826139975339,0.8164763419990777,1.5134589559966116,1.0,0.0147987203672528
anneal,uniform,2,5,8,5,12000,0,46906,5,38,898,718,180,91.16666666666669,126,0.6798077830026159,0.8119318140015821,1.491739597004198,1.0,0.0328414104878902
anneal,class_aware,3,5,8,5,12000,0,46906,5,38,898,719,179,78.14285714285714,144,0.7008477700001094,0.8478327670018189,1.5486805370019283,0.9987864331596678,0.0614245608448982
anneal,uniform,3,5,8,5,12000,0,46906,5,38,898,719,179,78.14285714285714,144,0.6827494919998571,0.8560039340009098,1.538753426000767,0.9977511361522672,0.0657143220305442
anneal,class_aware,4,5,8,5,12000,0,46906,5,38,898,719,179,78.28571428571429,144,0.7069991099997424,0.8142578830011189,1.5212569930008613,0.9980299438726024,0.0563976839184761
anneal,uniform,4,5,8,5,12000,0,46906,5,38,898,719,179,78.28571428571429,144,0.6808711859994219,0.8649431989979348,1.545814384997357,0.9953996615523648,0.1087217926979065
anneal,class_aware,0,10,8,5,12000,0,46906,5,38,898,718,180,91.16666666666669,212,0.7723085620018537,1.1220370169976377,1.894345578999492,0.9981120801033592,0.0475002862513065
anneal,uniform,0,10,8,5,12000,0,46906,5,38,898,718,180,91.16666666666669,212,0.8260695720018703,1.1386447219992988,1.964714294001169,0.9995082364341086,0.0323734059929847
anneal,class_aware,1,10,8,5,12000,0,46906,5,38,898,718,180,91.16666666666669,212,0.7438817349975579,1.207084887995734,1.950966622993292,0.9996124031007751,0.0366789959371089
anneal,uniform,1,10,8,5,12000,0,46906,5,38,898,718,180,91.16666666666669,212,0.9524875540009816,1.4958807329967383,2.44836828699772,0.9991900839793282,0.0507400408387184
anneal,class_aware,2,10,8,5,12000,0,46906,5,38,898,718,180,91.16666666666669,212,0.8002516310007195,1.3298529550011151,2.130104586001835,1.0,0.0085902092978358
anneal,uniform,2,10,8,5,12000,0,46906,5,38,898,718,180,91.16666666666669,212,0.7901133800041862,1.4383846240016285,2.2284980040058144,1.0,0.0169909689575433
anneal,class_aware,3,10,8,5,12000,0,46906,5,38,898,719,179,78.14285714285714,232,0.7872255120018963,1.3680641800019655,2.155289692003862,0.9986835196291106,0.0563401393592357
anneal,uniform,3,10,8,5,12000,0,46906,5,38,898,719,179,78.14285714285714,232,0.7808207890047925,1.4157389030006016,2.196559692005394,0.9984488767794404,0.0542620457708835
anneal,class_aware,4,10,8,5,12000,0,46906,5,38,898,719,179,78.28571428571429,232,0.8090620020011556,1.2867228239992985,2.095784826000454,1.0,0.0239971969276666
anneal,uniform,4,10,8,5,12000,0,46906,5,38,898,719,179,78.28571428571429,232,0.7837496080028359,1.3114085540000815,2.0951581620029174,0.9962984843396472,0.1008190810680389
anneal,class_aware,0,15,8,5,12000,0,46906,5,38,898,718,180,91.16666666666669,261,0.8338013669999782,1.4775141360005364,2.3113155030005146,0.9971035206718348,0.0484315827488899
anneal,uniform,0,15,8,5,12000,0,46906,5,38,898,718,180,91.16666666666669,261,0.8757711210055277,1.50570658200013,2.381477703005657,0.9996721576227392,0.0270160995423793
anneal,class_aware,1,15,8,5,12000,0,46906,5,38,898,718,180,91.16666666666669,261,0.8026024920036434,1.48404945400398,2.286651946007624,0.9998708010335916,0.0227893609553575
anneal,uniform,1,15,8,5,12000,0,46906,5,38,898,718,180,91.16666666666669,261,0.8642897749959957,1.3813078269959078,2.2455976019919035,0.9995776808785528,0.0417088344693183
anneal,class_aware,2,15,8,5,12000,0,46906,5,38,898,718,180,91.16666666666669,261,0.8134028960048454,1.238643398995919,2.052046295000764,1.0,0.0061337538063526
anneal,uniform,2,15,8,5,12000,0,46906,5,38,898,718,180,91.16666666666669,261,0.7991656729936949,1.2505031890032114,2.0496688619969063,1.0,0.0167239941656589
anneal,class_aware,3,15,8,5,12000,0,46906,5,38,898,719,179,78.14285714285714,277,0.7541640269992058,1.2500376550015062,2.004201682000712,0.999044988656438,0.0519394166767597
anneal,uniform,3,15,8,5,12000,0,46906,5,38,898,719,179,78.14285714285714,277,0.7554308299950208,1.2446689069984131,2.000099736993434,0.9984488767794404,0.0581554435193538
anneal,class_aware,4,15,8,5,12000,0,46906,5,38,898,719,179,78.28571428571429,276,0.7370311310005491,1.199552100006258,1.9365832310068072,0.9996698869035802,0.0299901477992534
anneal,uniform,4,15,8,5,12000,0,46906,5,38,898,719,179,78.28571428571429,276,0.7626131990036811,1.227529691001109,1.9901428900047904,0.9955083373984636,0.1005292385816574
anneal,class_aware,0,20,8,5,12000,0,46906,5,38,898,718,180,91.16666666666669,291,0.7660526970066712,1.5813763020050828,2.347428999011754,0.9986288759689922,0.0339398235082626
anneal,uniform,0,20,8,5,12000,0,46906,5,38,898,718,180,91.16666666666669,291,0.7737161990007735,1.5774767990005785,2.351192998001352,0.9995429586563308,0.0272805169224739
anneal,class_aware,1,20,8,5,12000,0,46906,5,38,898,718,180,91.16666666666669,291,0.7468908410010044,1.833421974995872,2.5803128159968765,0.9998708010335916,0.0233117677271366
anneal,uniform,1,20,8,5,12000,0,46906,5,38,898,718,180,91.16666666666669,291,0.8081079909970867,1.8666578179982023,2.6747658089952893,0.9995776808785528,0.0405695587396621
anneal,class_aware,2,20,8,5,12000,0,46906,5,38,898,718,180,91.16666666666669,291,0.9302096649989836,1.7942307149933183,2.724440379992302,1.0,0.0065406812354922
anneal,uniform,2,20,8,5,12000,0,46906,5,38,898,718,180,91.16666666666669,291,0.8099872460006736,1.7855648969998583,2.595552143000532,1.0,0.0145294135436415
anneal,class_aware,3,20,8,5,12000,0,46906,5,38,898,719,179,78.14285714285714,312,0.7720075420002104,1.9284686390019488,2.700476181002159,0.9989119745569434,0.0478874817490577
anneal,uniform,3,20,8,5,12000,0,46906,5,38,898,719,179,78.14285714285714,312,0.794703544001095,1.9103299480048008,2.705033492005896,0.9985818908789352,0.0471567325294017
anneal,class_aware,4,20,8,5,12000,0,46906,5,38,898,719,179,78.28571428571429,311,0.7814620520002791,1.846185082999,2.627647134999279,1.0,0.0229285657405853
anneal,uniform,4,20,8,5,12000,0,46906,5,38,898,719,179,78.28571428571429,311,0.7868561840004986,1.8073354860025568,2.594191670003056,0.9974154759307512,0.0646684989333152
anneal,class_aware,0,30,8,5,12000,0,46906,5,38,898,718,180,91.16666666666669,351,0.8248759929992957,2.165451794004184,2.99032778700348,0.9989567183462532,0.0330577120184898
anneal,uniform,0,30,8,5,12000,0,46906,5,38,898,718,180,91.16666666666669,351,0.8703305290036951,2.0464741719988524,2.9168047010025475,0.9996721576227392,0.023600460961461
anneal,class_aware,1,30,8,5,12000,0,46906,5,38,898,718,180,91.16666666666669,351,0.8101214839989552,2.129333490993304,2.939454974992259,0.9998708010335916,0.0215134099125862
anneal,uniform,1,30,8,5,12000,0,46906,5,38,898,718,180,91.16666666666669,351,0.8556182140018791,1.8718661169987167,2.7274843310005963,0.9997416020671837,0.0290150847285985
anneal,class_aware,2,30,8,5,12000,0,46906,5,38,898,718,180,91.16666666666669,351,0.8364136439995491,1.8918208239992964,2.728234467998845,1.0,0.0072450344450771
anneal,uniform,2,30,8,5,12000,0,46906,5,38,898,718,180,91.16666666666669,351,0.8792557869965094,1.833932071000163,2.7131878579966724,1.0,0.0144191794097423
anneal,class_aware,3,30,8,5,12000,0,46906,5,38,898,719,179,78.14285714285714,382,0.7921315050043631,2.035301909003465,2.827433414007828,0.9989119745569434,0.0462509170174598
anneal,uniform,3,30,8,5,12000,0,46906,5,38,898,719,179,78.14285714285714,382,0.8710789480028325,2.084574535001593,2.9556534830044257,0.9986835196291106,0.0506859719753265
anneal,class_aware,4,30,8,5,12000,0,46906,5,38,898,719,179,78.28571428571429,381,0.8114344060013536,1.95173917899956,2.7631735850009136,1.0,0.0167535245418548
anneal,uniform,4,30,8,5,12000,0,46906,5,38,898,719,179,78.28571428571429,381,0.8225334939997992,2.044435217001592,2.866968711001391,0.9988307132649084,0.0472743548452854
anneal,class_aware,0,none,8,5,12000,0,46906,5,38,898,718,180,91.16666666666669,718,0.381093994998082,3.233007037000789,3.614101031998871,0.9996721576227392,0.022995252162218
anneal,class_aware,1,none,8,5,12000,0,46906,5,38,898,718,180,91.16666666666669,718,0.3754525409967755,3.2467862849953235,3.622238825992099,1.0,0.0023499412927776
anneal,class_aware,2,none,8,5,12000,0,46906,5,38,898,718,180,91.16666666666669,718,0.3772782980013289,3.2547162209957605,3.6319945189970895,1.0,0.0127332499250769
anneal,class_aware,3,none,8,5,12000,0,46906,5,38,898,719,179,78.14285714285714,719,0.3712528510004631,3.16054479599552,3.531797646995983,0.9991466174066136,0.0359043702483177
anneal,class_aware,4,none,8,5,12000,0,46906,5,38,898,719,179,78.28571428571429,719,0.3735313729994232,3.0791156310006045,3.452647004000028,1.0,0.0136538231745362
MIC,class_aware,0,1,1,5,12000,0,46980,8,111,1699,1359,340,114.2,80,0.2557734500005608,0.4238661669951398,0.6796396169957006,0.8887373261537488,0.5266141295433044
MIC,uniform,0,1,1,5,12000,0,46980,8,111,1699,1359,340,114.2,80,0.2633441490033874,0.3979941009965841,0.6613382499999716,0.8457227318297593,0.591442883014679
MIC,class_aware,1,1,1,5,12000,0,46980,8,111,1699,1359,340,126.88888888888889,72,0.263311220005562,0.4216567600014969,0.6849679800070589,0.8313398757360912,0.5761687159538269
MIC,uniform,1,1,1,5,12000,0,46980,8,111,1699,1359,340,126.88888888888889,72,0.3701884740003152,0.4106994089961517,0.7808878829964669,0.8884690317393376,0.5440499186515808
MIC,class_aware,2,1,1,5,12000,0,46980,8,111,1699,1359,340,126.88888888888889,72,0.251903623000544,0.3898293339952943,0.6417329569958383,0.697657224133091,0.8009851574897766
MIC,uniform,2,1,1,5,12000,0,46980,8,111,1699,1359,340,126.88888888888889,72,0.2528923419959028,0.3862427139974898,0.6391350559933926,0.8347926163891406,0.5632168650627136
MIC,class_aware,3,1,1,5,12000,0,46980,8,111,1699,1359,340,114.3,80,0.2478122620013891,0.3933133769969572,0.6411256389983464,0.7982063993650553,0.6019214987754822
MIC,uniform,3,1,1,5,12000,0,46980,8,111,1699,1359,340,114.3,80,0.2432262970032752,0.3738944770011585,0.6171207740044338,0.8533032061670474,0.6081057190895081
MIC,class_aware,4,1,1,5,12000,0,46980,8,111,1699,1360,339,114.3,80,0.2457948220035177,0.3889668859992525,0.6347617080027703,0.8492822855997781,0.5779543519020081
MIC,uniform,4,1,1,5,12000,0,46980,8,111,1699,1360,339,114.3,80,0.24398523200216,0.369068353997136,0.613053585999296,0.87709358830282,0.5990450382232666
MIC,class_aware,0,3,1,5,12000,0,46980,8,111,1699,1359,340,114.2,176,0.2445202469971263,0.4738943170013954,0.7184145639985218,0.8941397707675589,0.4687801003456116
MIC,uniform,0,3,1,5,12000,0,46980,8,111,1699,1359,340,114.2,176,0.2458613120033987,0.4944463349966099,0.7403076470000087,0.8854563783523302,0.4981274008750915
MIC,class_aware,1,3,1,5,12000,0,46980,8,111,1699,1359,340,126.88888888888889,167,0.251463161999709,0.4805195100052515,0.7319826720049605,0.9035759885375264,0.4509029984474182
MIC,uniform,1,3,1,5,12000,0,46980,8,111,1699,1359,340,126.88888888888889,167,0.3194772819988429,0.4577563970015035,0.7772336790003465,0.9053434222784248,0.4626253843307495
MIC,class_aware,2,3,1,5,12000,0,46980,8,111,1699,1359,340,126.88888888888889,166,0.2452529479996883,0.4618859809997957,0.707138928999484,0.8403271364785474,0.5385876893997192
MIC,uniform,2,3,1,5,12000,0,46980,8,111,1699,1359,340,126.88888888888889,166,0.2463099090018659,0.4702126680058427,0.7165225770077086,0.8689204225245104,0.5294262170791626
MIC,class_aware,3,3,1,5,12000,0,46980,8,111,1699,1359,340,114.3,175,0.2445262199980789,0.4832053970021661,0.727731617000245,0.8960684373967707,0.4858475625514984
MIC,uniform,3,3,1,5,12000,0,46980,8,111,1699,1359,340,114.3,175,0.2454810310009634,0.4770580230033374,0.7225390540043009,0.8843610987749596,0.4911954998970032
MIC,class_aware,4,3,1,5,12000,0,46980,8,111,1699,1360,339,114.3,176,0.2662127680014237,0.4659896380035206,0.7322024060049444,0.8892684318150841,0.502412736415863
MIC,uniform,4,3,1,5,12000,0,46980,8,111,1699,1360,339,114.3,176,0.2439269509995938,0.4680349240006762,0.7119618750002701,0.8785680609028339,0.5233945846557617
MIC,class_aware,0,5,1,5,12000,0,46980,8,111,1699,1359,340,114.2,229,0.2564786040020408,0.557854380000208,0.8143329840022488,0.903508350414657,0.4495194852352142
MIC,uniform,0,5,1,5,12000,0,46980,8,111,1699,1359,340,114.2,229,0.2430770460050553,0.6108220290043391,0.8538990750093944,0.8873636805271159,0.4945992827415466
MIC,class_aware,1,5,1,5,12000,0,46980,8,111,1699,1359,340,126.88888888888889,219,0.2434791899941046,0.5345044749992667,0.7779836649933713,0.9053318501780458,0.4354664385318756
MIC,uniform,1,5,1,5,12000,0,46980,8,111,1699,1359,340,126.88888888888889,219,0.2451585009985137,0.5459968069990282,0.791155307997542,0.8981124824478295,0.4730598032474518
MIC,class_aware,2,5,1,5,12000,0,46980,8,111,1699,1359,340,126.88888888888889,219,0.2425292110056034,0.5348800070059951,0.7774092180115986,0.8634260799084069,0.5081918835639954
MIC,uniform,2,5,1,5,12000,0,46980,8,111,1699,1359,340,126.88888888888889,219,0.2459018700028536,0.589251958001114,0.8351538280039676,0.89500576483586,0.5036722421646118
MIC,class_aware,3,5,1,5,12000,0,46980,8,111,1699,1359,340,114.3,228,0.2591577840066748,0.6550126950023696,0.9141704790090444,0.9017217136363554,0.4729955792427063
MIC,uniform,3,5,1,5,12000,0,46980,8,111,1699,1359,340,114.3,228,0.2571140420041047,0.5426507860029233,0.799764828007028,0.8902399453570617,0.4940151572227478
MIC,class_aware,4,5,1,5,12000,0,46980,8,111,1699,1360,339,114.3,229,0.261071674998675,0.5486878049996449,0.8097594799983199,0.9172160102663456,0.4632174074649811
MIC,uniform,4,5,1,5,12000,0,46980,8,111,1699,1360,339,114.3,229,0.2445288210001308,0.5376427820010576,0.7821716030011885,0.8842516279488041,0.5085795521736145
MIC,class_aware,0,10,1,5,12000,0,46980,8,111,1699,1359,340,114.2,317,0.2422902890029945,0.7498470100035775,0.992137299006572,0.910866248646766,0.4457505047321319
MIC,uniform,0,10,1,5,12000,0,46980,8,111,1699,1359,340,114.2,317,0.3158611599938012,0.7311549150035717,1.047016074997373,0.9076639195208848,0.4627304971218109
MIC,class_aware,1,10,1,5,12000,0,46980,8,111,1699,1359,340,126.88888888888889,307,0.2442068909949739,0.7407481490008649,0.9849550399958388,0.9273707516159304,0.4177660346031189
MIC,uniform,1,10,1,5,12000,0,46980,8,111,1699,1359,340,126.88888888888889,307,0.2422882940009003,0.7461278729970218,0.988416166997922,0.9259699303842712,0.4427348375320434
MIC,class_aware,2,10,1,5,12000,0,46980,8,111,1699,1359,340,126.88888888888889,307,0.2412168500013649,0.7340486100001726,0.9752654600015376,0.8984680581151178,0.4835556447505951
MIC,uniform,2,10,1,5,12000,0,46980,8,111,1699,1359,340,126.88888888888889,307,0.2421053109937929,0.7242418370005907,0.9663471479943836,0.8926118922084796,0.5023217797279358
MIC,class_aware,3,10,1,5,12000,0,46980,8,111,1699,1359,340,114.3,316,0.2442391399963526,0.7693338899989612,1.0135730299953138,0.9006044619055344,0.461184948682785
MIC,uniform,3,10,1,5,12000,0,46980,8,111,1699,1359,340,114.3,316,0.2413146710023284,0.7617254300057539,1.0030401010080825,0.90179520701172,0.4720609784126282
MIC,class_aware,4,10,1,5,12000,0,46980,8,111,1699,1360,339,114.3,317,0.2417445649989531,0.7880363460062654,1.0297809110052183,0.9261817701135908,0.4554944932460785
MIC,uniform,4,10,1,5,12000,0,46980,8,111,1699,1360,339,114.3,317,0.2464684459991986,0.7238871660010773,0.970355612000276,0.8833410629089564,0.5177558064460754
MIC,class_aware,0,15,1,5,12000,0,46980,8,111,1699,1359,340,114.2,367,0.3128357059977134,0.803447086000233,1.1162827919979463,0.9114497731978932,0.4469514787197113
MIC,uniform,0,15,1,5,12000,0,46980,8,111,1699,1359,340,114.2,367,0.2480308649974176,0.8098300469937385,1.0578609119911562,0.9078242750322733,0.4605345726013183
MIC,class_aware,1,15,1,5,12000,0,46980,8,111,1699,1359,340,126.88888888888889,352,0.2400955010016332,0.801305257002241,1.0414007580038742,0.929397991433098,0.4113867282867431
MIC,uniform,1,15,1,5,12000,0,46980,8,111,1699,1359,340,126.88888888888889,352,0.2580319169937866,0.7813153130045976,1.039347229998384,0.9194424548422973,0.4480223357677459
MIC,class_aware,2,15,1,5,12000,0,46980,8,111,1699,1359,340,126.88888888888889,352,0.2463109289965359,0.8012710129987681,1.047581941995304,0.9045419777590322,0.4753811955451965
MIC,uniform,2,15,1,5,12000,0,46980,8,111,1699,1359,340,126.88888888888889,352,0.2466128550004214,0.7673868099955143,1.0139996649959355,0.898828648694182,0.4930146038532257
MIC,class_aware,3,15,1,5,12000,0,46980,8,111,1699,1359,340,114.3,366,0.2434573259961325,0.8166719549990376,1.06012928099517,0.9117991866522348,0.4499226212501526
MIC,uniform,3,15,1,5,12000,0,46980,8,111,1699,1359,340,114.3,366,0.2453701210033614,0.8007245019980473,1.0460946230014088,0.9073458912234018,0.4651844799518585
MIC,class_aware,4,15,1,5,12000,0,46980,8,111,1699,1360,339,114.3,367,0.2447314869932597,0.8379135259965551,1.0826450129898149,0.9282636164813776,0.4496835768222809
MIC,uniform,4,15,1,5,12000,0,46980,8,111,1699,1360,339,114.3,367,0.2438952209995477,0.8127169569997932,1.056612177999341,0.8897822127181576,0.5056658983230591
MIC,class_aware,0,20,1,5,12000,0,46980,8,111,1699,1359,340,114.2,417,0.3160428569972282,0.8783640020046732,1.1944068590019017,0.907149989585553,0.4528720080852508
MIC,uniform,0,20,1,5,12000,0,46980,8,111,1699,1359,340,114.2,417,0.2433249899986549,0.9014427319998504,1.1447677219985053,0.9143470957320716,0.4694677889347076
MIC,class_aware,1,20,1,5,12000,0,46980,8,111,1699,1359,340,126.88888888888889,397,0.2445283199995174,0.8630372159968829,1.1075655359964005,0.9327137268482132,0.4077829122543335
MIC,uniform,1,20,1,5,12000,0,46980,8,111,1699,1359,340,126.88888888888889,397,0.245862544994452,0.8829124140029307,1.1287749589973828,0.9282290559722988,0.4281072616577148
MIC,class_aware,2,20,1,5,12000,0,46980,8,111,1699,1359,340,126.88888888888889,397,0.2428554029975203,0.8783660439949017,1.121221446992422,0.9060365945095656,0.4694338142871856
MIC,uniform,2,20,1,5,12000,0,46980,8,111,1699,1359,340,126.88888888888889,397,0.2426462689982145,0.8814358249946963,1.1240820939929108,0.8999992475794195,0.4862184822559356
MIC,class_aware,3,20,1,5,12000,0,46980,8,111,1699,1359,340,114.3,416,0.2462424719997216,0.8786111380031798,1.1248536100029014,0.9226309050693584,0.440908282995224
MIC,uniform,3,20,1,5,12000,0,46980,8,111,1699,1359,340,114.3,416,0.2430937070021173,0.8747395050013438,1.117833212003461,0.9128463489476396,0.459848016500473
MIC,class_aware,4,20,1,5,12000,0,46980,8,111,1699,1360,339,114.3,417,0.3158287679980276,0.8959094820020255,1.211738250000053,0.9327737797927614,0.4464980065822601
MIC,uniform,4,20,1,5,12000,0,46980,8,111,1699,1360,339,114.3,417,0.2456620589946396,0.8890861709951423,1.134748229989782,0.8981899335035145,0.4964147806167602
MIC,class_aware,0,30,1,5,12000,0,46980,8,111,1699,1359,340,114.2,517,0.2450747300026705,0.9034657629963476,1.1485404929990182,0.9094410909847128,0.4554477334022522
MIC,uniform,0,30,1,5,12000,0,46980,8,111,1699,1359,340,114.2,517,0.2445809749988257,0.9302892760024406,1.1748702510012663,0.9135123110972352,0.4604125618934631
MIC,class_aware,1,30,1,5,12000,0,46980,8,111,1699,1359,340,126.88888888888889,487,0.2420746369971311,0.946669466997264,1.1887441039943951,0.9371530524476712,0.3970108032226562
MIC,uniform,1,30,1,5,12000,0,46980,8,111,1699,1359,340,126.88888888888889,487,0.2421687410023878,0.939979527000105,1.1821482680024928,0.927957841175215,0.4300185739994049
MIC,class_aware,2,30,1,5,12000,0,46980,8,111,1699,1359,340,126.88888888888889,487,0.2442000209994148,0.9328831480015652,1.17708316900098,0.9132529463704008,0.4643641710281372
MIC,uniform,2,30,1,5,12000,0,46980,8,111,1699,1359,340,126.88888888888889,487,0.2461567840000498,0.9413910430012038,1.1875478270012536,0.9038609971897182,0.4721745550632477
MIC,class_aware,3,30,1,5,12000,0,46980,8,111,1699,1359,340,114.3,516,0.2429411159973824,0.9321368780001648,1.1750779939975473,0.925542115546039,0.4337937235832214
MIC,uniform,3,30,1,5,12000,0,46980,8,111,1699,1359,340,114.3,516,0.2441586389977601,0.9474891439967904,1.1916477829945509,0.904830744239104,0.4692432284355163
MIC,class_aware,4,30,1,5,12000,0,46980,8,111,1699,1360,339,114.3,517,0.314360015996499,0.9298485390027054,1.2442085549992044,0.9305781848216288,0.4512594640254974
MIC,uniform,4,30,1,5,12000,0,46980,8,111,1699,1360,339,114.3,517,0.2501884210068965,0.9393054869942716,1.1894939080011682,0.9048684209022174,0.4923366606235504
MIC,class_aware,0,none,1,5,12000,0,46980,8,111,1699,1359,340,114.2,1359,0.2450131660007173,1.9810309800013783,2.226044146002096,0.9227503193495976,0.4457539319992065
MIC,class_aware,1,none,1,5,12000,0,46980,8,111,1699,1359,340,126.88888888888889,1359,0.2451420830038841,1.9253914410001016,2.170533524003986,0.9436421770535548,0.3925254344940185
MIC,class_aware,2,none,1,5,12000,0,46980,8,111,1699,1359,340,126.88888888888889,1359,0.2460173250001389,1.9675968779993127,2.213614202999452,0.9072567953606124,0.4650524258613586
MIC,class_aware,3,none,1,5,12000,0,46980,8,111,1699,1359,340,114.3,1359,0.2452081619994714,1.8429765160035456,2.0881846780030173,0.9206795887544515,0.4401296377182007
MIC,class_aware,4,none,1,5,12000,0,46980,8,111,1699,1360,339,114.3,1360,0.2474309870012803,1.943711328000063,2.191142315001344,0.930895095983086,0.4459568858146667
MIC,class_aware,0,1,4,5,12000,0,46980,8,111,1699,1359,340,114.2,80,1.1366412490024231,1.8930250220000744,3.029666271002497,0.8895321227527979,0.502335786819458
MIC,uniform,0,1,4,5,12000,0,46980,8,111,1699,1359,340,114.2,80,1.10589785999764,1.9221577610005625,3.0280556209982024,0.8665656577483245,0.5236122608184814
MIC,class_aware,1,1,4,5,12000,0,46980,8,111,1699,1359,340,126.88888888888889,72,1.0961706090020016,1.8502261710018504,2.946396780003852,0.8953254195607991,0.4898329675197601
MIC,uniform,1,1,4,5,12000,0,46980,8,111,1699,1359,340,126.88888888888889,72,1.108498925997992,1.86805826699856,2.976557192996552,0.9076139902325956,0.5031483173370361
MIC,class_aware,2,1,4,5,12000,0,46980,8,111,1699,1359,340,126.88888888888889,72,1.1278233060002094,1.844026701997791,2.9718500079980004,0.8423992705996505,0.5612178444862366
MIC,uniform,2,1,4,5,12000,0,46980,8,111,1699,1359,340,126.88888888888889,72,1.0886776820043451,1.888746998993156,2.977424680997501,0.8581007607182197,0.5441052317619324
MIC,class_aware,3,1,4,5,12000,0,46980,8,111,1699,1359,340,114.3,80,1.1361407970034634,1.740646644997469,2.876787442000932,0.901328463075218,0.5253927111625671
MIC,uniform,3,1,4,5,12000,0,46980,8,111,1699,1359,340,114.3,80,1.1035168899979908,1.766984470996249,2.87050136099424,0.8908238425254367,0.5092817544937134
MIC,class_aware,4,1,4,5,12000,0,46980,8,111,1699,1360,339,114.3,80,1.1336913109989837,1.7159338650017162,2.8496251760007,0.8872352899604931,0.5408841967582703
MIC,uniform,4,1,4,5,12000,0,46980,8,111,1699,1360,339,114.3,80,1.1289288560001296,1.727145828997891,2.8560746849980205,0.907252777091172,0.5070873498916626
MIC,class_aware,0,3,4,5,12000,0,46980,8,111,1699,1359,340,114.2,176,1.2323763980020883,2.0154648190000444,3.247841217002133,0.9223811672473652,0.4577955901622772
MIC,uniform,0,3,4,5,12000,0,46980,8,111,1699,1359,340,114.2,176,1.320097853000334,2.0696689169999445,3.3897667700002785,0.8941453920714324,0.4753631949424743
MIC,class_aware,1,3,4,5,12000,0,46980,8,111,1699,1359,340,126.88888888888889,167,1.308667945995694,2.060808783993707,3.369476729989401,0.9363070529792944,0.4224952161312103
MIC,uniform,1,3,4,5,12000,0,46980,8,111,1699,1359,340,126.88888888888889,167,1.2705500650044996,2.2169148249959107,3.4874648900004104,0.917582823869554,0.4447779953479767
MIC,class_aware,2,3,4,5,12000,0,46980,8,111,1699,1359,340,126.88888888888889,166,1.2314769949953188,2.0298815759961144,3.261358570991433,0.8858540267224181,0.4982309639453888
MIC,uniform,2,3,4,5,12000,0,46980,8,111,1699,1359,340,126.88888888888889,166,1.3435915000009118,2.197552953999548,3.5411444540004595,0.8700329660397936,0.5116763710975647
MIC,class_aware,3,3,4,5,12000,0,46980,8,111,1699,1359,340,114.3,175,1.235454251000192,2.1067452089992003,3.3421994599993923,0.9101079765718338,0.4717471897602081
MIC,uniform,3,3,4,5,12000,0,46980,8,111,1699,1359,340,114.3,175,1.200465807996807,2.252007576993492,3.4524733849902987,0.8935282912942759,0.4910134673118591
MIC,class_aware,4,3,4,5,12000,0,46980,8,111,1699,1360,339,114.3,176,1.1886178889981238,2.041915843001334,3.230533731999458,0.9138752462272436,0.4743939638137817
MIC,uniform,4,3,4,5,12000,0,46980,8,111,1699,1360,339,114.3,176,1.228487652995682,2.078197391994763,3.306685044990445,0.9139829237100134,0.50444096326828
MIC,class_aware,0,5,4,5,12000,0,46980,8,111,1699,1359,340,114.2,229,1.2449284639951657,2.30807213299704,3.553000596992206,0.9138003143373216,0.4515323042869568
MIC,uniform,0,5,4,5,12000,0,46980,8,111,1699,1359,340,114.2,229,1.366083995999361,2.4265265919966623,3.7926105879960232,0.8878152600686161,0.4818385541439056
MIC,class_aware,1,5,4,5,12000,0,46980,8,111,1699,1359,340,126.88888888888889,219,1.2083910790024674,2.2339092019974487,3.442300280999916,0.9346588482384768,0.4125486016273498
MIC,uniform,1,5,4,5,12000,0,46980,8,111,1699,1359,340,126.88888888888889,219,1.1907029850044637,2.2779781010031,3.468681086007564,0.930946840234386,0.4323046505451202
MIC,class_aware,2,5,4,5,12000,0,46980,8,111,1699,1359,340,126.88888888888889,219,1.2610566729999846,2.264345972995216,3.5254026459952,0.8971344970772193,0.4873904585838318
MIC,uniform,2,5,4,5,12000,0,46980,8,111,1699,1359,340,126.88888888888889,219,1.3197722359982436,2.3230654040016816,3.642837639999925,0.8780881217407976,0.499914139509201
MIC,class_aware,3,5,4,5,12000,0,46980,8,111,1699,1359,340,114.3,228,1.231401734999963,2.271172218999709,3.502573953999672,0.9193159124917658,0.4550147652626037
MIC,uniform,3,5,4,5,12000,0,46980,8,111,1699,1359,340,114.3,228,1.2045210850046717,2.2986971259961138,3.503218211000785,0.8913836572712972,0.4822769165039062
MIC,class_aware,4,5,4,5,12000,0,46980,8,111,1699,1360,339,114.3,229,1.2154971890049635,2.3187833650008542,3.534280554005818,0.9243729118685368,0.4489124119281769
MIC,uniform,4,5,4,5,12000,0,46980,8,111,1699,1360,339,114.3,229,1.2318977460017777,2.306091297999956,3.5379890440017334,0.9089533162883006,0.4970945417881012
MIC,class_aware,0,10,4,5,12000,0,46980,8,111,1699,1359,340,114.2,317,1.3510659509993277,2.7841123009930016,4.135178251992329,0.914199826651941,0.4534432291984558
MIC,uniform,0,10,4,5,12000,0,46980,8,111,1699,1359,340,114.2,317,1.274528535999707,3.0414976329993806,4.316026168999088,0.8971786931559083,0.4762765765190124
MIC,class_aware,1,10,4,5,12000,0,46980,8,111,1699,1359,340,126.88888888888889,307,1.2192530399988757,2.773062452994054,3.9923154929929296,0.9427452423923024,0.4015157222747803
MIC,uniform,1,10,4,5,12000,0,46980,8,111,1699,1359,340,126.88888888888889,307,1.2419244650009205,2.629922947999148,3.8718474130000686,0.9458641949990768,0.4078249335289001
MIC,class_aware,2,10,4,5,12000,0,46980,8,111,1699,1359,340,126.88888888888889,307,1.2324677470023744,2.8605637549990206,4.093031502001395,0.9112042441062104,0.4649579226970672
MIC,uniform,2,10,4,5,12000,0,46980,8,111,1699,1359,340,126.88888888888889,307,1.3231304719956825,2.811157040996477,4.13428751299216,0.8990838856529562,0.4805259108543396
MIC,class_aware,3,10,4,5,12000,0,46980,8,111,1699,1359,340,114.3,316,1.2170926120015793,2.6470930330033298,3.864185645004909,0.9146382693820448,0.4486526846885681
MIC,uniform,3,10,4,5,12000,0,46980,8,111,1699,1359,340,114.3,316,1.2580883269984042,2.663675966003211,3.921764293001616,0.9005665228078379,0.4653886556625366
MIC,class_aware,4,10,4,5,12000,0,46980,8,111,1699,1360,339,114.3,317,1.254157135997957,2.653349526000966,3.907506661998923,0.9300638072755796,0.4425656795501709
MIC,uniform,4,10,4,5,12000,0,46980,8,111,1699,1360,339,114.3,317,1.2973780850006733,2.650897492996592,3.948275577997265,0.9206755952927156,0.4758451879024505
MIC,class_aware,0,15,4,5,12000,0,46980,8,111,1699,1359,340,114.2,367,1.2628569919979782,3.0492987299949164,4.312155721992895,0.9147923596417494,0.4513417780399322
MIC,uniform,0,15,4,5,12000,0,46980,8,111,1699,1359,340,114.2,367,1.2987609439951484,3.2111375280001084,4.509898471995257,0.8997073119520238,0.4715974330902099
MIC,class_aware,1,15,4,5,12000,0,46980,8,111,1699,1359,340,126.88888888888889,352,1.2411325670036604,2.8881799790033256,4.129312546006986,0.9442773573421296,0.396356999874115
MIC,uniform,1,15,4,5,12000,0,46980,8,111,1699,1359,340,126.88888888888889,352,1.2754787759986357,2.9206276510012685,4.196106426999904,0.947216745772633,0.4041205048561096
MIC,class_aware,2,15,4,5,12000,0,46980,8,111,1699,1359,340,126.88888888888889,352,1.2727024139967398,2.9852367119965493,4.257939125993289,0.9068292121234556,0.465105652809143
MIC,uniform,2,15,4,5,12000,0,46980,8,111,1699,1359,340,126.88888888888889,352,1.313673276999907,2.9752726950027863,4.2889459720026935,0.8957651090535018,0.4813897907733917
MIC,class_aware,3,15,4,5,12000,0,46980,8,111,1699,1359,340,114.3,366,1.244338388001779,2.9387681540029007,4.18310654200468,0.9163720422930832,0.442523181438446
MIC,uniform,3,15,4,5,12000,0,46980,8,111,1699,1359,340,114.3,366,1.2590608820028135,2.9597227569975075,4.218783639000321,0.8999352419161262,0.4699867367744446
MIC,class_aware,4,15,4,5,12000,0,46980,8,111,1699,1360,339,114.3,367,1.3349765710008796,2.982409595999343,4.317386167000223,0.9363077242189404,0.4363256096839905
MIC,uniform,4,15,4,5,12000,0,46980,8,111,1699,1360,339,114.3,367,1.2407455669963383,2.953948028000013,4.194693594996352,0.9289559462330976,0.4649327397346496
MIC,class_aware,0,20,4,5,12000,0,46980,8,111,1699,1359,340,114.2,417,1.2560247080036788,3.489817704001325,4.745842412005004,0.9141076725090828,0.453567236661911
MIC,uniform,0,20,4,5,12000,0,46980,8,111,1699,1359,340,114.2,417,1.273636896003154,3.514579237002181,4.788216133005335,0.9013180004076088,0.4684935510158539
MIC,class_aware,1,20,4,5,12000,0,46980,8,111,1699,1359,340,126.88888888888889,397,1.2568823070032522,3.1936613139987458,4.450543621001998,0.943448367934355,0.3947124183177948
MIC,uniform,1,20,4,5,12000,0,46980,8,111,1699,1359,340,126.88888888888889,397,1.199298032996012,3.126560933000292,4.325858965996304,0.9433749760338644,0.4067626893520355
MIC,class_aware,2,20,4,5,12000,0,46980,8,111,1699,1359,340,126.88888888888889,397,1.2714820470064296,3.167376361998322,4.438858409004752,0.9107770259711774,0.4555641710758209
MIC,uniform,2,20,4,5,12000,0,46980,8,111,1699,1359,340,126.88888888888889,397,1.2853047190001234,3.3756680070000584,4.660972726000182,0.9036048841657662,0.4690807461738586
MIC,class_aware,3,20,4,5,12000,0,46980,8,111,1699,1359,340,114.3,416,1.2320557400016696,3.4187113380030496,4.650767078004719,0.9166713456726624,0.4453772902488708
MIC,uniform,3,20,4,5,12000,0,46980,8,111,1699,1359,340,114.3,416,1.347521458999836,3.391105120004795,4.738626579004631,0.8992391409595781,0.4765429198741913
MIC,class_aware,4,20,4,5,12000,0,46980,8,111,1699,1360,339,114.3,417,1.317793984002492,3.4791348400030984,4.79692882400559,0.936788380950316,0.4365245103836059
MIC,uniform,4,20,4,5,12000,0,46980,8,111,1699,1360,339,114.3,417,1.2838634529980482,3.41665923200344,4.700522685001488,0.9348270310209412,0.4527507722377777
MIC,class_aware,0,30,4,5,12000,0,46980,8,111,1699,1359,340,114.2,517,1.2754713199974503,3.544106049994298,4.819577369991748,0.9124160050184116,0.4559641182422638
MIC,uniform,0,30,4,5,12000,0,46980,8,111,1699,1359,340,114.2,517,1.3231727780002984,3.500232437996601,4.8234052159969,0.905675824240131,0.4610718786716461
MIC,class_aware,1,30,4,5,12000,0,46980,8,111,1699,1359,340,126.88888888888889,487,1.278567255998496,3.090770159004024,4.369337415002519,0.9440914826725488,0.3926873505115509
MIC,uniform,1,30,4,5,12000,0,46980,8,111,1699,1359,340,126.88888888888889,487,1.2309928419999778,3.450928402999125,4.681921244999103,0.9437130026353784,0.3987194299697876
MIC,class_aware,2,30,4,5,12000,0,46980,8,111,1699,1359,340,126.88888888888889,487,1.2517408190033166,3.479956557996047,4.731697376999364,0.9152016245883774,0.4492905139923095
MIC,uniform,2,30,4,5,12000,0,46980,8,111,1699,1359,340,126.88888888888889,487,1.2999682379959268,3.493364087997179,4.793332325993106,0.9048101503733568,0.4665993154048919
MIC,class_aware,3,30,4,5,12000,0,46980,8,111,1699,1359,340,114.3,516,1.3338631130027352,3.270406774994626,4.604269887997361,0.916106947027968,0.4447447061538696
MIC,uniform,3,30,4,5,12000,0,46980,8,111,1699,1359,340,114.3,516,1.295627091996721,3.203110950998962,4.498738042995683,0.909485917391856,0.4610637128353119
MIC,class_aware,4,30,4,5,12000,0,46980,8,111,1699,1360,339,114.3,517,1.3233480929993675,3.250433287001215,4.573781380000582,0.9338025417236328,0.4368728101253509
MIC,uniform,4,30,4,5,12000,0,46980,8,111,1699,1360,339,114.3,517,1.2662293659959687,3.244698275993869,4.510927641989838,0.935887382549301,0.4507604241371155
MIC,class_aware,0,none,4,5,12000,0,46980,8,111,1699,1359,340,114.2,1359,0.7853251289998298,6.9413534959967365,7.726678624996566,0.9152388419739208,0.4546710848808288
MIC,class_aware,1,none,4,5,12000,0,46980,8,111,1699,1359,340,126.88888888888889,1359,0.7949781299976166,6.878355383996677,7.673333513994294,0.9418454249708356,0.4065474569797516
MIC,class_aware,2,none,4,5,12000,0,46980,8,111,1699,1359,340,126.88888888888889,1359,0.7956480400025612,6.844203558001027,7.639851598003588,0.9116177622219284,0.4515539705753326
MIC,class_aware,3,none,4,5,12000,0,46980,8,111,1699,1359,340,114.3,1359,0.8215634060034063,6.877391742003965,7.6989551480073715,0.9239102015246924,0.4425920844078064
MIC,class_aware,4,none,4,5,12000,0,46980,8,111,1699,1360,339,114.3,1360,0.809779957999126,6.872153789001459,7.681933747000585,0.935629068118401,0.4514086246490478
MIC,class_aware,0,1,8,5,12000,0,46980,8,111,1699,1359,340,114.2,80,2.0448241769991,3.221326400998805,5.266150577997905,0.8989198808047933,0.4995412826538086
MIC,uniform,0,1,8,5,12000,0,46980,8,111,1699,1359,340,114.2,80,2.1052297260030173,3.1892639210054767,5.294493647008494,0.8857913956006097,0.5043837428092957
MIC,class_aware,1,1,8,5,12000,0,46980,8,111,1699,1359,340,126.88888888888889,72,1.919126100998256,3.1381377979996614,5.057263898997917,0.9283853398944092,0.4624505043029785
MIC,uniform,1,1,8,5,12000,0,46980,8,111,1699,1359,340,126.88888888888889,72,1.939818027996808,3.251090536003176,5.190908563999983,0.9198234459334024,0.4690563976764679
MIC,class_aware,2,1,8,5,12000,0,46980,8,111,1699,1359,340,126.88888888888889,72,1.9902839709975524,3.20040649099974,5.190690461997292,0.8685883646567404,0.5427564978599548
MIC,uniform,2,1,8,5,12000,0,46980,8,111,1699,1359,340,126.88888888888889,72,1.9023696969961748,3.3137201110002934,5.216089807996468,0.8681749037905798,0.5199622511863708
MIC,class_aware,3,1,8,5,12000,0,46980,8,111,1699,1359,340,114.3,80,2.072531224999693,3.2214367220003624,5.293967947000056,0.908331567239296,0.5085282921791077
MIC,uniform,3,1,8,5,12000,0,46980,8,111,1699,1359,340,114.3,80,1.9318281339947128,3.2513933619993622,5.183221495994076,0.8874956026517772,0.5035009980201721
MIC,class_aware,4,1,8,5,12000,0,46980,8,111,1699,1360,339,114.3,80,1.997779915996944,3.233593880002445,5.231373795999389,0.91559659150983,0.5161195993423462
MIC,uniform,4,1,8,5,12000,0,46980,8,111,1699,1360,339,114.3,80,1.91703852199862,3.213713414996164,5.130751936994784,0.9007628291316055,0.5091010332107544
MIC,class_aware,0,3,8,5,12000,0,46980,8,111,1699,1359,340,114.2,176,2.3341240599984303,3.9327435140003217,6.266867573998752,0.9153679513503938,0.4573698043823242
MIC,uniform,0,3,8,5,12000,0,46980,8,111,1699,1359,340,114.2,176,2.3980009549995884,3.943535776001226,6.341536731000815,0.8958324887076127,0.4784716963768005
MIC,class_aware,1,3,8,5,12000,0,46980,8,111,1699,1359,340,126.88888888888889,167,2.207260741997743,4.064126510995266,6.271387252993009,0.9431839426298096,0.4220926761627197
MIC,uniform,1,3,8,5,12000,0,46980,8,111,1699,1359,340,126.88888888888889,167,2.3057064399981755,4.2937929239997175,6.599499363997893,0.9137554977385576,0.4484818875789642
MIC,class_aware,2,3,8,5,12000,0,46980,8,111,1699,1359,340,126.88888888888889,166,2.2655003489999217,4.110615792997123,6.376116141997045,0.8942632478130603,0.4933640360832214
MIC,uniform,2,3,8,5,12000,0,46980,8,111,1699,1359,340,126.88888888888889,166,2.4930934209987754,3.921662528002344,6.414755949001119,0.8836274466407574,0.4973500967025757
MIC,class_aware,3,3,8,5,12000,0,46980,8,111,1699,1359,340,114.3,175,2.1616278330038767,3.984294369998679,6.145922203002556,0.918719448474098,0.4570923745632171
MIC,uniform,3,3,8,5,12000,0,46980,8,111,1699,1359,340,114.3,175,2.272060129995225,4.398206468998978,6.670266598994203,0.8994467842464288,0.4830508530139923
MIC,class_aware,4,3,8,5,12000,0,46980,8,111,1699,1360,339,114.3,176,2.2013369589985814,3.939332748006564,6.140669707005145,0.9292118253000629,0.4619370102882385
MIC,uniform,4,3,8,5,12000,0,46980,8,111,1699,1360,339,114.3,176,2.302561181000783,4.680996921000769,6.9835581020015525,0.9242172490371175,0.4804617166519165
MIC,class_aware,0,5,8,5,12000,0,46980,8,111,1699,1359,340,114.2,229,2.7320735749963205,5.509939771000063,8.242013345996384,0.9096387236612208,0.4537111222743988
MIC,uniform,0,5,8,5,12000,0,46980,8,111,1699,1359,340,114.2,229,2.5321186360015417,5.02515748100268,7.557276117004221,0.8915347884308169,0.4802828133106231
MIC,class_aware,1,5,8,5,12000,0,46980,8,111,1699,1359,340,126.88888888888889,219,2.331641566001053,4.955346568000095,7.286988134001149,0.9352935035488972,0.4129699766635895
MIC,uniform,1,5,8,5,12000,0,46980,8,111,1699,1359,340,126.88888888888889,219,2.2914397019994794,4.913431543005572,7.204871245005052,0.9365668087095737,0.4185238182544708
MIC,class_aware,2,5,8,5,12000,0,46980,8,111,1699,1359,340,126.88888888888889,219,2.366429075002088,4.869203258000198,7.235632333002286,0.8967480850755543,0.4822378754615783
MIC,uniform,2,5,8,5,12000,0,46980,8,111,1699,1359,340,126.88888888888889,219,2.375808703000075,4.604438588998164,6.980247291998239,0.8847163106798028,0.4971032440662384
MIC,class_aware,3,5,8,5,12000,0,46980,8,111,1699,1359,340,114.3,228,2.2179587979990174,4.826953461997618,7.044912259996636,0.9211593789243276,0.4512248337268829
MIC,uniform,3,5,8,5,12000,0,46980,8,111,1699,1359,340,114.3,228,2.33893635700224,4.838553811001475,7.177490168003715,0.900946755748356,0.4772775173187256
MIC,class_aware,4,5,8,5,12000,0,46980,8,111,1699,1360,339,114.3,229,2.3995929280063137,5.139342542002851,7.538935470009164,0.9279218745651596,0.4477766454219818
MIC,uniform,4,5,8,5,12000,0,46980,8,111,1699,1360,339,114.3,229,2.23424197800341,4.694197080993035,6.928439058996446,0.9167148349800716,0.4833501875400543
MIC,class_aware,0,10,8,5,12000,0,46980,8,111,1699,1359,340,114.2,317,2.277980787002889,5.502481852003257,7.780462639006146,0.9130492669689506,0.45182666182518
MIC,uniform,0,10,8,5,12000,0,46980,8,111,1699,1359,340,114.2,317,2.3066077689945814,5.975715724998736,8.282323493993317,0.8968082837794981,0.4687601923942566
MIC,class_aware,1,10,8,5,12000,0,46980,8,111,1699,1359,340,126.88888888888889,307,2.435417802997108,5.993142648003413,8.428560451000521,0.9457827353170912,0.4025978147983551
MIC,uniform,1,10,8,5,12000,0,46980,8,111,1699,1359,340,126.88888888888889,307,2.46766944200499,5.726600458998291,8.194269901003281,0.9464176732885166,0.4066298007965088
MIC,class_aware,2,10,8,5,12000,0,46980,8,111,1699,1359,340,126.88888888888889,307,2.257072487002006,5.402426968001237,7.659499455003242,0.9136835854069753,0.456900030374527
MIC,uniform,2,10,8,5,12000,0,46980,8,111,1699,1359,340,126.88888888888889,307,2.303895855002338,5.659305916997255,7.963201771999593,0.8956505176745166,0.4791786670684814
MIC,class_aware,3,10,8,5,12000,0,46980,8,111,1699,1359,340,114.3,316,2.2213094309991,6.085187272001349,8.306496703000448,0.9131628793799664,0.4457945823669433
MIC,uniform,3,10,8,5,12000,0,46980,8,111,1699,1359,340,114.3,316,2.339091813999403,6.113965003001795,8.453056817001197,0.9034263166191464,0.4657361209392547
MIC,class_aware,4,10,8,5,12000,0,46980,8,111,1699,1360,339,114.3,317,2.582396600999345,6.675082754998584,9.25747935599793,0.93390648786687,0.4398631751537323
MIC,uniform,4,10,8,5,12000,0,46980,8,111,1699,1360,339,114.3,317,2.678961510006048,7.706597554002656,10.385559064008705,0.9315310035960472,0.4690470695495605
MIC,class_aware,0,15,8,5,12000,0,46980,8,111,1699,1359,340,114.2,367,2.7591207009973004,7.860166854996351,10.619287555993653,0.9105771262900946,0.452970802783966
MIC,uniform,0,15,8,5,12000,0,46980,8,111,1699,1359,340,114.2,367,2.65879794099601,7.733823932998348,10.392621873994358,0.9006031296754963,0.4627106487751007
MIC,class_aware,1,15,8,5,12000,0,46980,8,111,1699,1359,340,126.88888888888889,352,2.777972290001344,7.705513087996223,10.483485377997567,0.9450818122595532,0.396960973739624
MIC,uniform,1,15,8,5,12000,0,46980,8,111,1699,1359,340,126.88888888888889,352,2.642132456996478,8.54530550599884,11.187437962995318,0.9458699889375932,0.4057596921920776
MIC,class_aware,2,15,8,5,12000,0,46980,8,111,1699,1359,340,126.88888888888889,352,2.6805905509972945,6.432169685998815,9.11276023699611,0.9140538612615036,0.4550059735774994
MIC,uniform,2,15,8,5,12000,0,46980,8,111,1699,1359,340,126.88888888888889,352,2.588758780999342,8.54737820000446,11.1361369810038,0.9023821711521572,0.474037617444992
MIC,class_aware,3,15,8,5,12000,0,46980,8,111,1699,1359,340,114.3,366,2.8366142440063413,7.550614116997167,10.387228361003508,0.917266817553166,0.4404492080211639
MIC,uniform,3,15,8,5,12000,0,46980,8,111,1699,1359,340,114.3,366,2.83590648000245,8.049775631996454,10.885682111998904,0.9017791462269072,0.4704876542091369
MIC,class_aware,4,15,8,5,12000,0,46980,8,111,1699,1360,339,114.3,367,2.449934664997272,7.40201514599903,9.851949810996302,0.937039035057226,0.4361252784729004
MIC,uniform,4,15,8,5,12000,0,46980,8,111,1699,1360,339,114.3,367,2.4087070030000177,7.156839054005104,9.565546057005122,0.932737227590218,0.4671364426612854
MIC,class_aware,0,20,8,5,12000,0,46980,8,111,1699,1359,340,114.2,417,2.534038646001136,7.914354444001219,10.448393090002355,0.9108878228576124,0.4515661895275116
MIC,uniform,0,20,8,5,12000,0,46980,8,111,1699,1359,340,114.2,417,2.3206303129991284,7.266929703997448,9.587560016996576,0.8977634620802923,0.4630832076072693
MIC,class_aware,1,20,8,5,12000,0,46980,8,111,1699,1359,340,126.88888888888889,397,2.2036873329998343,7.176061097001366,9.3797484300012,0.9497580876031524,0.3919176459312439
MIC,uniform,1,20,8,5,12000,0,46980,8,111,1699,1359,340,126.88888888888889,397,2.29368777700438,6.895127525996941,9.18881530300132,0.9470477549592718,0.406351238489151
MIC,class_aware,2,20,8,5,12000,0,46980,8,111,1699,1359,340,126.88888888888889,397,2.1774749369942583,6.704558583005564,8.882033519999823,0.9140452271038786,0.4494273364543915
MIC,uniform,2,20,8,5,12000,0,46980,8,111,1699,1359,340,126.88888888888889,397,2.299020901999029,6.757209260998934,9.056230162997965,0.9039267804732783,0.4706174433231354
MIC,class_aware,3,20,8,5,12000,0,46980,8,111,1699,1359,340,114.3,416,2.238572752001346,6.779447161999997,9.018019914001345,0.9192290674801183,0.4388955533504486
MIC,uniform,3,20,8,5,12000,0,46980,8,111,1699,1359,340,114.3,416,2.232085449999431,7.056706940995355,9.288792390994786,0.9035058015718456,0.4691122472286224
MIC,class_aware,4,20,8,5,12000,0,46980,8,111,1699,1360,339,114.3,417,2.2767212499966263,7.009708978999697,9.286430228996323,0.9381567448520148,0.4343568682670593
MIC,uniform,4,20,8,5,12000,0,46980,8,111,1699,1360,339,114.3,417,2.1900062450004043,6.858177671005251,9.048183916005655,0.9375318047191592,0.4586096704006195
MIC,class_aware,0,30,8,5,12000,0,46980,8,111,1699,1359,340,114.2,517,2.2454656469999463,7.754801108996617,10.000266755996565,0.9106719979351684,0.4543679058551788
MIC,uniform,0,30,8,5,12000,0,46980,8,111,1699,1359,340,114.2,517,2.3084508490064763,7.45679533600196,9.765246185008436,0.901544276038117,0.4595442414283752
MIC,class_aware,1,30,8,5,12000,0,46980,8,111,1699,1359,340,126.88888888888889,487,2.295582826998725,7.332822958000179,9.628405784998904,0.9495747074264866,0.3902443051338196
MIC,uniform,1,30,8,5,12000,0,46980,8,111,1699,1359,340,126.88888888888889,487,2.218022075998306,7.459093597004539,9.677115673002843,0.9486413444767736,0.3986475467681885
MIC,class_aware,2,30,8,5,12000,0,46980,8,111,1699,1359,340,126.88888888888889,487,2.190499317999638,7.30643207400135,9.496931392000988,0.9158635463806404,0.4465277194976806
MIC,uniform,2,30,8,5,12000,0,46980,8,111,1699,1359,340,126.88888888888889,487,2.2413329130067723,7.31739788500272,9.558730798009492,0.9083265341927672,0.4646181762218475
MIC,class_aware,3,30,8,5,12000,0,46980,8,111,1699,1359,340,114.3,516,2.2610471440057154,7.619228093994025,9.88027523799974,0.9183309740722108,0.4411701560020447
MIC,uniform,3,30,8,5,12000,0,46980,8,111,1699,1359,340,114.3,516,2.277381505002268,7.198636302004161,9.476017807006428,0.9043688628955118,0.4593654274940491
MIC,class_aware,4,30,8,5,12000,0,46980,8,111,1699,1360,339,114.3,517,2.321767904999433,7.420255117998749,9.742023022998184,0.9361451206103394,0.4341693520545959
MIC,uniform,4,30,8,5,12000,0,46980,8,111,1699,1360,339,114.3,517,2.3051086029954604,7.372905938995245,9.678014541990706,0.9372826469938907,0.4553070664405823
MIC,class_aware,0,none,8,5,12000,0,46980,8,111,1699,1359,340,114.2,1359,0.7819447660003789,15.512826782003684,16.294771548004064,0.9162933676063424,0.4531814455986023
MIC,class_aware,1,none,8,5,12000,0,46980,8,111,1699,1359,340,126.88888888888889,1359,0.8544651400006842,15.675883142001112,16.530348282001796,0.94251573167222,0.4036729335784912
MIC,class_aware,2,none,8,5,12000,0,46980,8,111,1699,1359,340,126.88888888888889,1359,0.7848343890000251,15.618181922000076,16.4030163110001,0.9109356074117952,0.4534477591514587
MIC,class_aware,3,none,8,5,12000,0,46980,8,111,1699,1359,340,114.3,1359,0.7946304159995634,15.599732413997115,16.39436282999668,0.9185057627254268,0.4473080933094024
MIC,class_aware,4,none,8,5,12000,0,46980,8,111,1699,1360,339,114.3,1360,0.7838213819995872,15.396265852999932,16.18008723499952,0.9338278610600852,0.4489379823207855
students_dropout_and_academic_success,class_aware,0,1,1,5,12000,0,46960,3,36,4424,3539,885,2.7826771653543307,1905,0.1967263339975034,1.3493307099997764,1.5460570439972798,0.9184991973420848,0.5258665084838867
students_dropout_and_academic_success,uniform,0,1,1,5,12000,0,46960,3,36,4424,3539,885,2.7826771653543307,1905,0.1972919710024143,1.3406426049987203,1.5379345760011347,0.9165456403611668,0.5340752601623535
students_dropout_and_academic_success,class_aware,1,1,1,5,12000,0,46960,3,36,4424,3539,885,2.7826771653543307,1905,0.1967355209999368,1.315576309003518,1.5123118300034548,0.9023751879878628,0.567506730556488
students_dropout_and_academic_success,uniform,1,1,1,5,12000,0,46960,3,36,4424,3539,885,2.7826771653543307,1905,0.1974829859973397,1.3262440610051272,1.5237270470024669,0.9028304643267764,0.5709141492843628
students_dropout_and_academic_success,class_aware,2,1,1,5,12000,0,46960,3,36,4424,3539,885,2.7826771653543307,1905,0.1966643359992304,1.3245886529985,1.5212529889977304,0.9006575581836813,0.5783354640007019
students_dropout_and_academic_success,uniform,2,1,1,5,12000,0,46960,3,36,4424,3539,885,2.7826771653543307,1905,0.1981594199969549,1.363278558004822,1.561437978001777,0.9030363837151776,0.5779982209205627
students_dropout_and_academic_success,class_aware,3,1,1,5,12000,0,46960,3,36,4424,3539,885,2.7783018867924527,1908,0.2846203799999784,1.3391072599988547,1.6237276399988332,0.919226359148921,0.5081666111946106
students_dropout_and_academic_success,uniform,3,1,1,5,12000,0,46960,3,36,4424,3539,885,2.7783018867924527,1908,0.1972465090002515,1.3270308159990236,1.5242773249992752,0.9119693693789782,0.5341318249702454
students_dropout_and_academic_success,class_aware,4,1,1,5,12000,0,46960,3,36,4424,3540,884,2.784251968503937,1905,0.20337335899967,1.3188733880015209,1.522246747001191,0.9138714956077216,0.5412418246269226
students_dropout_and_academic_success,uniform,4,1,1,5,12000,0,46960,3,36,4424,3540,884,2.784251968503937,1905,0.1961295520013664,1.3301953590053015,1.526324911006668,0.9099371670188214,0.5568356513977051
students_dropout_and_academic_success,class_aware,0,3,1,5,12000,0,46960,3,36,4424,3539,885,2.7826771653543307,3539,0.1979690200023469,2.492221656000765,2.6901906760031125,0.921862892138251,0.512554407119751
students_dropout_and_academic_success,class_aware,1,3,1,5,12000,0,46960,3,36,4424,3539,885,2.7826771653543307,3539,0.1990919890013174,2.4838310970008024,2.68292308600212,0.9087439279616808,0.550906240940094
students_dropout_and_academic_success,class_aware,2,3,1,5,12000,0,46960,3,36,4424,3539,885,2.7826771653543307,3539,0.1997062919981544,2.4877213099971414,2.687427601995296,0.9062997548308792,0.5639098286628723
students_dropout_and_academic_success,class_aware,3,3,1,5,12000,0,46960,3,36,4424,3539,885,2.7783018867924527,3539,0.1987592000004951,2.4921714140000404,2.690930614000536,0.9214239203413004,0.5028027296066284
students_dropout_and_academic_success,class_aware,4,3,1,5,12000,0,46960,3,36,4424,3540,884,2.784251968503937,3540,0.1994997309957398,2.472986332999426,2.6724860639951658,0.9175497966788848,0.5293370485305786
students_dropout_and_academic_success,class_aware,0,5,1,5,12000,0,46960,3,36,4424,3539,885,2.7826771653543307,3539,0.1979690200023469,2.492221656000765,2.6901906760031125,0.921862892138251,0.512554407119751
students_dropout_and_academic_success,class_aware,1,5,1,5,12000,0,46960,3,36,4424,3539,885,2.7826771653543307,3539,0.1990919890013174,2.4838310970008024,2.68292308600212,0.9087439279616808,0.550906240940094
students_dropout_and_academic_success,class_aware,2,5,1,5,12000,0,46960,3,36,4424,3539,885,2.7826771653543307,3539,0.1997062919981544,2.4877213099971414,2.687427601995296,0.9062997548308792,0.5639098286628723
students_dropout_and_academic_success,class_aware,3,5,1,5,12000,0,46960,3,36,4424,3539,885,2.7783018867924527,3539,0.1987592000004951,2.4921714140000404,2.690930614000536,0.9214239203413004,0.5028027296066284
students_dropout_and_academic_success,class_aware,4,5,1,5,12000,0,46960,3,36,4424,3540,884,2.784251968503937,3540,0.1994997309957398,2.472986332999426,2.6724860639951658,0.9175497966788848,0.5293370485305786
students_dropout_and_academic_success,class_aware,0,10,1,5,12000,0,46960,3,36,4424,3539,885,2.7826771653543307,3539,0.1979690200023469,2.492221656000765,2.6901906760031125,0.921862892138251,0.512554407119751
students_dropout_and_academic_success,class_aware,1,10,1,5,12000,0,46960,3,36,4424,3539,885,2.7826771653543307,3539,0.1990919890013174,2.4838310970008024,2.68292308600212,0.9087439279616808,0.550906240940094
students_dropout_and_academic_success,class_aware,2,10,1,5,12000,0,46960,3,36,4424,3539,885,2.7826771653543307,3539,0.1997062919981544,2.4877213099971414,2.687427601995296,0.9062997548308792,0.5639098286628723
students_dropout_and_academic_success,class_aware,3,10,1,5,12000,0,46960,3,36,4424,3539,885,2.7783018867924527,3539,0.1987592000004951,2.4921714140000404,2.690930614000536,0.9214239203413004,0.5028027296066284
students_dropout_and_academic_success,class_aware,4,10,1,5,12000,0,46960,3,36,4424,3540,884,2.784251968503937,3540,0.1994997309957398,2.472986332999426,2.6724860639951658,0.9175497966788848,0.5293370485305786
students_dropout_and_academic_success,class_aware,0,15,1,5,12000,0,46960,3,36,4424,3539,885,2.7826771653543307,3539,0.1979690200023469,2.492221656000765,2.6901906760031125,0.921862892138251,0.512554407119751
students_dropout_and_academic_success,class_aware,1,15,1,5,12000,0,46960,3,36,4424,3539,885,2.7826771653543307,3539,0.1990919890013174,2.4838310970008024,2.68292308600212,0.9087439279616808,0.550906240940094
students_dropout_and_academic_success,class_aware,2,15,1,5,12000,0,46960,3,36,4424,3539,885,2.7826771653543307,3539,0.1997062919981544,2.4877213099971414,2.687427601995296,0.9062997548308792,0.5639098286628723
students_dropout_and_academic_success,class_aware,3,15,1,5,12000,0,46960,3,36,4424,3539,885,2.7783018867924527,3539,0.1987592000004951,2.4921714140000404,2.690930614000536,0.9214239203413004,0.5028027296066284
students_dropout_and_academic_success,class_aware,4,15,1,5,12000,0,46960,3,36,4424,3540,884,2.784251968503937,3540,0.1994997309957398,2.472986332999426,2.6724860639951658,0.9175497966788848,0.5293370485305786
students_dropout_and_academic_success,class_aware,0,20,1,5,12000,0,46960,3,36,4424,3539,885,2.7826771653543307,3539,0.1979690200023469,2.492221656000765,2.6901906760031125,0.921862892138251,0.512554407119751
students_dropout_and_academic_success,class_aware,1,20,1,5,12000,0,46960,3,36,4424,3539,885,2.7826771653543307,3539,0.1990919890013174,2.4838310970008024,2.68292308600212,0.9087439279616808,0.550906240940094
students_dropout_and_academic_success,class_aware,2,20,1,5,12000,0,46960,3,36,4424,3539,885,2.7826771653543307,3539,0.1997062919981544,2.4877213099971414,2.687427601995296,0.9062997548308792,0.5639098286628723
students_dropout_and_academic_success,class_aware,3,20,1,5,12000,0,46960,3,36,4424,3539,885,2.7783018867924527,3539,0.1987592000004951,2.4921714140000404,2.690930614000536,0.9214239203413004,0.5028027296066284
students_dropout_and_academic_success,class_aware,4,20,1,5,12000,0,46960,3,36,4424,3540,884,2.784251968503937,3540,0.1994997309957398,2.472986332999426,2.6724860639951658,0.9175497966788848,0.5293370485305786
students_dropout_and_academic_success,class_aware,0,30,1,5,12000,0,46960,3,36,4424,3539,885,2.7826771653543307,3539,0.1979690200023469,2.492221656000765,2.6901906760031125,0.921862892138251,0.512554407119751
students_dropout_and_academic_success,class_aware,1,30,1,5,12000,0,46960,3,36,4424,3539,885,2.7826771653543307,3539,0.1990919890013174,2.4838310970008024,2.68292308600212,0.9087439279616808,0.550906240940094
students_dropout_and_academic_success,class_aware,2,30,1,5,12000,0,46960,3,36,4424,3539,885,2.7826771653543307,3539,0.1997062919981544,2.4877213099971414,2.687427601995296,0.9062997548308792,0.5639098286628723
students_dropout_and_academic_success,class_aware,3,30,1,5,12000,0,46960,3,36,4424,3539,885,2.7783018867924527,3539,0.1987592000004951,2.4921714140000404,2.690930614000536,0.9214239203413004,0.5028027296066284
students_dropout_and_academic_success,class_aware,4,30,1,5,12000,0,46960,3,36,4424,3540,884,2.784251968503937,3540,0.1994997309957398,2.472986332999426,2.6724860639951658,0.9175497966788848,0.5293370485305786
students_dropout_and_academic_success,class_aware,0,none,1,5,12000,0,46960,3,36,4424,3539,885,2.7826771653543307,3539,0.1979690200023469,2.492221656000765,2.6901906760031125,0.921862892138251,0.512554407119751
students_dropout_and_academic_success,class_aware,1,none,1,5,12000,0,46960,3,36,4424,3539,885,2.7826771653543307,3539,0.1990919890013174,2.4838310970008024,2.68292308600212,0.9087439279616808,0.550906240940094
students_dropout_and_academic_success,class_aware,2,none,1,5,12000,0,46960,3,36,4424,3539,885,2.7826771653543307,3539,0.1997062919981544,2.4877213099971414,2.687427601995296,0.9062997548308792,0.5639098286628723
students_dropout_and_academic_success,class_aware,3,none,1,5,12000,0,46960,3,36,4424,3539,885,2.7783018867924527,3539,0.1987592000004951,2.4921714140000404,2.690930614000536,0.9214239203413004,0.5028027296066284
students_dropout_and_academic_success,class_aware,4,none,1,5,12000,0,46960,3,36,4424,3540,884,2.784251968503937,3540,0.1994997309957398,2.472986332999426,2.6724860639951658,0.9175497966788848,0.5293370485305786
students_dropout_and_academic_success,class_aware,0,1,4,5,12000,0,46960,3,36,4424,3539,885,2.7826771653543307,1905,0.6072291309974389,5.484095963001892,6.09132509399933,0.921329974522914,0.5171673893928528
students_dropout_and_academic_success,uniform,0,1,4,5,12000,0,46960,3,36,4424,3539,885,2.7826771653543307,1905,0.5923232979985187,5.451375173004635,6.043698471003154,0.9212512085432432,0.5187579393386841
students_dropout_and_academic_success,class_aware,1,1,4,5,12000,0,46960,3,36,4424,3539,885,2.7826771653543307,1905,0.6985750079984427,5.30591776700021,6.004492774998653,0.907374236315682,0.5525071024894714
students_dropout_and_academic_success,uniform,1,1,4,5,12000,0,46960,3,36,4424,3539,885,2.7826771653543307,1905,0.5759786319977138,5.377291563003382,5.953270195001096,0.9070569993070656,0.5547072291374207
students_dropout_and_academic_success,class_aware,2,1,4,5,12000,0,46960,3,36,4424,3539,885,2.7826771653543307,1905,0.5800879859962151,5.407805611997901,5.987893597994116,0.9037663066641024,0.5710870623588562
students_dropout_and_academic_success,uniform,2,1,4,5,12000,0,46960,3,36,4424,3539,885,2.7826771653543307,1905,0.5668438530046842,5.385986284003593,5.952830137008277,0.9051809071946942,0.565098762512207
students_dropout_and_academic_success,class_aware,3,1,4,5,12000,0,46960,3,36,4424,3539,885,2.7783018867924527,1908,0.5703897749990574,5.458131767998566,6.028521542997623,0.9175914164907912,0.5134767889976501
students_dropout_and_academic_success,uniform,3,1,4,5,12000,0,46960,3,36,4424,3539,885,2.7783018867924527,1908,0.5663798150053481,5.465818251999735,6.032198067005083,0.9176531690657542,0.5169841051101685
students_dropout_and_academic_success,class_aware,4,1,4,5,12000,0,46960,3,36,4424,3540,884,2.784251968503937,1905,0.5708516529994085,5.449529744997562,6.020381397996971,0.9158317718534684,0.534277081489563
students_dropout_and_academic_success,uniform,4,1,4,5,12000,0,46960,3,36,4424,3540,884,2.784251968503937,1905,0.5760687399961171,5.522606831000303,6.09867557099642,0.9133633760445038,0.5448340177536011
students_dropout_and_academic_success,class_aware,0,3,4,5,12000,0,46960,3,36,4424,3539,885,2.7826771653543307,3539,0.4182790129998466,11.80179163700086,12.220070650000707,0.9224482801507634,0.5102576017379761
students_dropout_and_academic_success,class_aware,1,3,4,5,12000,0,46960,3,36,4424,3539,885,2.7826771653543307,3539,0.4158274380024522,11.723522653002874,12.139350091005326,0.9102403316956608,0.5422476530075073
students_dropout_and_academic_success,class_aware,2,3,4,5,12000,0,46960,3,36,4424,3539,885,2.7826771653543307,3539,0.4877787540026475,10.052943551003407,10.540722305006057,0.9063114079165544,0.5629866123199463
students_dropout_and_academic_success,class_aware,3,3,4,5,12000,0,46960,3,36,4424,3539,885,2.7783018867924527,3539,0.4159614699965459,10.067869077000069,10.483830546996614,0.921636065622103,0.5025314688682556
students_dropout_and_academic_success,class_aware,4,3,4,5,12000,0,46960,3,36,4424,3540,884,2.784251968503937,3540,0.4664446530005079,9.74214430199936,10.208588954999868,0.9170782052514798,0.533208429813385
students_dropout_and_academic_success,class_aware,0,5,4,5,12000,0,46960,3,36,4424,3539,885,2.7826771653543307,3539,0.4182790129998466,11.80179163700086,12.220070650000707,0.9224482801507634,0.5102576017379761
students_dropout_and_academic_success,class_aware,1,5,4,5,12000,0,46960,3,36,4424,3539,885,2.7826771653543307,3539,0.4158274380024522,11.723522653002874,12.139350091005326,0.9102403316956608,0.5422476530075073
students_dropout_and_academic_success,class_aware,2,5,4,5,12000,0,46960,3,36,4424,3539,885,2.7826771653543307,3539,0.4877787540026475,10.052943551003407,10.540722305006057,0.9063114079165544,0.5629866123199463
students_dropout_and_academic_success,class_aware,3,5,4,5,12000,0,46960,3,36,4424,3539,885,2.7783018867924527,3539,0.4159614699965459,10.067869077000069,10.483830546996614,0.921636065622103,0.5025314688682556
students_dropout_and_academic_success,class_aware,4,5,4,5,12000,0,46960,3,36,4424,3540,884,2.784251968503937,3540,0.4664446530005079,9.74214430199936,10.208588954999868,0.9170782052514798,0.533208429813385
students_dropout_and_academic_success,class_aware,0,10,4,5,12000,0,46960,3,36,4424,3539,885,2.7826771653543307,3539,0.4182790129998466,11.80179163700086,12.220070650000707,0.9224482801507634,0.5102576017379761
students_dropout_and_academic_success,class_aware,1,10,4,5,12000,0,46960,3,36,4424,3539,885,2.7826771653543307,3539,0.4158274380024522,11.723522653002874,12.139350091005326,0.9102403316956608,0.5422476530075073
students_dropout_and_academic_success,class_aware,2,10,4,5,12000,0,46960,3,36,4424,3539,885,2.7826771653543307,3539,0.4877787540026475,10.052943551003407,10.540722305006057,0.9063114079165544,0.5629866123199463
students_dropout_and_academic_success,class_aware,3,10,4,5,12000,0,46960,3,36,4424,3539,885,2.7783018867924527,3539,0.4159614699965459,10.067869077000069,10.483830546996614,0.921636065622103,0.5025314688682556
students_dropout_and_academic_success,class_aware,4,10,4,5,12000,0,46960,3,36,4424,3540,884,2.784251968503937,3540,0.4664446530005079,9.74214430199936,10.208588954999868,0.9170782052514798,0.533208429813385
students_dropout_and_academic_success,class_aware,0,15,4,5,12000,0,46960,3,36,4424,3539,885,2.7826771653543307,3539,0.4182790129998466,11.80179163700086,12.220070650000707,0.9224482801507634,0.5102576017379761
students_dropout_and_academic_success,class_aware,1,15,4,5,12000,0,46960,3,36,4424,3539,885,2.7826771653543307,3539,0.4158274380024522,11.723522653002874,12.139350091005326,0.9102403316956608,0.5422476530075073
students_dropout_and_academic_success,class_aware,2,15,4,5,12000,0,46960,3,36,4424,3539,885,2.7826771653543307,3539,0.4877787540026475,10.052943551003407,10.540722305006057,0.9063114079165544,0.5629866123199463
students_dropout_and_academic_success,class_aware,3,15,4,5,12000,0,46960,3,36,4424,3539,885,2.7783018867924527,3539,0.4159614699965459,10.067869077000069,10.483830546996614,0.921636065622103,0.5025314688682556
students_dropout_and_academic_success,class_aware,4,15,4,5,12000,0,46960,3,36,4424,3540,884,2.784251968503937,3540,0.4664446530005079,9.74214430199936,10.208588954999868,0.9170782052514798,0.533208429813385
students_dropout_and_academic_success,class_aware,0,20,4,5,12000,0,46960,3,36,4424,3539,885,2.7826771653543307,3539,0.4182790129998466,11.80179163700086,12.220070650000707,0.9224482801507634,0.5102576017379761
students_dropout_and_academic_success,class_aware,1,20,4,5,12000,0,46960,3,36,4424,3539,885,2.7826771653543307,3539,0.4158274380024522,11.723522653002874,12.139350091005326,0.9102403316956608,0.5422476530075073
students_dropout_and_academic_success,class_aware,2,20,4,5,12000,0,46960,3,36,4424,3539,885,2.7826771653543307,3539,0.4877787540026475,10.052943551003407,10.540722305006057,0.9063114079165544,0.5629866123199463
students_dropout_and_academic_success,class_aware,3,20,4,5,12000,0,46960,3,36,4424,3539,885,2.7783018867924527,3539,0.4159614699965459,10.067869077000069,10.483830546996614,0.921636065622103,0.5025314688682556
students_dropout_and_academic_success,class_aware,4,20,4,5,12000,0,46960,3,36,4424,3540,884,2.784251968503937,3540,0.4664446530005079,9.74214430199936,10.208588954999868,0.9170782052514798,0.533208429813385
students_dropout_and_academic_success,class_aware,0,30,4,5,12000,0,46960,3,36,4424,3539,885,2.7826771653543307,3539,0.4182790129998466,11.80179163700086,12.220070650000707,0.9224482801507634,0.5102576017379761
students_dropout_and_academic_success,class_aware,1,30,4,5,12000,0,46960,3,36,4424,3539,885,2.7826771653543307,3539,0.4158274380024522,11.723522653002874,12.139350091005326,0.9102403316956608,0.5422476530075073
students_dropout_and_academic_success,class_aware,2,30,4,5,12000,0,46960,3,36,4424,3539,885,2.7826771653543307,3539,0.4877787540026475,10.052943551003407,10.540722305006057,0.9063114079165544,0.5629866123199463
students_dropout_and_academic_success,class_aware,3,30,4,5,12000,0,46960,3,36,4424,3539,885,2.7783018867924527,3539,0.4159614699965459,10.067869077000069,10.483830546996614,0.921636065622103,0.5025314688682556
students_dropout_and_academic_success,class_aware,4,30,4,5,12000,0,46960,3,36,4424,3540,884,2.784251968503937,3540,0.4664446530005079,9.74214430199936,10.208588954999868,0.9170782052514798,0.533208429813385
students_dropout_and_academic_success,class_aware,0,none,4,5,12000,0,46960,3,36,4424,3539,885,2.7826771653543307,3539,0.4182790129998466,11.80179163700086,12.220070650000707,0.9224482801507634,0.5102576017379761
students_dropout_and_academic_success,class_aware,1,none,4,5,12000,0,46960,3,36,4424,3539,885,2.7826771653543307,3539,0.4158274380024522,11.723522653002874,12.139350091005326,0.9102403316956608,0.5422476530075073
students_dropout_and_academic_success,class_aware,2,none,4,5,12000,0,46960,3,36,4424,3539,885,2.7826771653543307,3539,0.4877787540026475,10.052943551003407,10.540722305006057,0.9063114079165544,0.5629866123199463
students_dropout_and_academic_success,class_aware,3,none,4,5,12000,0,46960,3,36,4424,3539,885,2.7783018867924527,3539,0.4159614699965459,10.067869077000069,10.483830546996614,0.921636065622103,0.5025314688682556
students_dropout_and_academic_success,class_aware,4,none,4,5,12000,0,46960,3,36,4424,3540,884,2.784251968503937,3540,0.4664446530005079,9.74214430199936,10.208588954999868,0.9170782052514798,0.533208429813385
students_dropout_and_academic_success,class_aware,0,1,8,5,12000,0,46960,3,36,4424,3539,885,2.7826771653543307,1905,0.9808352300024126,10.964709140003832,11.945544370006246,0.9217381000241,0.5145030617713928
students_dropout_and_academic_success,uniform,0,1,8,5,12000,0,46960,3,36,4424,3539,885,2.7826771653543307,1905,0.9629070899973158,10.948871052001778,11.911778141999092,0.9214310553595252,0.5179129838943481
students_dropout_and_academic_success,class_aware,1,1,8,5,12000,0,46960,3,36,4424,3539,885,2.7826771653543307,1905,0.9486558869975852,11.24459286199999,12.193248748997576,0.9081512857546916,0.5487257838249207
students_dropout_and_academic_success,uniform,1,1,8,5,12000,0,46960,3,36,4424,3539,885,2.7826771653543307,1905,0.9462358640012098,10.954773443001612,11.901009307002823,0.907564697745382,0.5502849221229553
students_dropout_and_academic_success,class_aware,2,1,8,5,12000,0,46960,3,36,4424,3539,885,2.7826771653543307,1905,0.9588642089947824,10.98926677399868,11.948130982993462,0.904009446957072,0.5684565901756287
students_dropout_and_academic_success,uniform,2,1,8,5,12000,0,46960,3,36,4424,3539,885,2.7826771653543307,1905,0.9570904559950576,11.025063777997277,11.982154233992333,0.90598920209484,0.5633998513221741
students_dropout_and_academic_success,class_aware,3,1,8,5,12000,0,46960,3,36,4424,3539,885,2.7783018867924527,1908,0.943115107002086,10.91828728999826,11.861402397000347,0.9185274855143624,0.5113756656646729
students_dropout_and_academic_success,uniform,3,1,8,5,12000,0,46960,3,36,4424,3539,885,2.7783018867924527,1908,0.9505137430023752,10.96390340400103,11.914417147003403,0.917435555707122,0.5170373916625977
students_dropout_and_academic_success,class_aware,4,1,8,5,12000,0,46960,3,36,4424,3540,884,2.784251968503937,1905,0.963517590003903,10.94685366700287,11.910371257006773,0.916136615869261,0.5346003174781799
students_dropout_and_academic_success,uniform,4,1,8,5,12000,0,46960,3,36,4424,3540,884,2.784251968503937,1905,1.0338472799994634,10.889052894002816,11.92290017400228,0.9146411023648672,0.5400403738021851
students_dropout_and_academic_success,class_aware,0,3,8,5,12000,0,46960,3,36,4424,3539,885,2.7826771653543307,3539,0.4201159380027093,21.136396367997804,21.55651230600052,0.9223152383363076,0.51107257604599
students_dropout_and_academic_success,class_aware,1,3,8,5,12000,0,46960,3,36,4424,3539,885,2.7826771653543307,3539,0.417159647004155,21.13299880799605,21.5501584550002,0.9104201382111864,0.5417590141296387
students_dropout_and_academic_success,class_aware,2,3,8,5,12000,0,46960,3,36,4424,3539,885,2.7826771653543307,3539,0.4189580829988699,21.19034156700218,21.60929965000105,0.9067993839577386,0.5618318319320679
students_dropout_and_academic_success,class_aware,3,3,8,5,12000,0,46960,3,36,4424,3539,885,2.7783018867924527,3539,0.4184314449958037,21.91771909700037,22.336150541996176,0.9217167064671185,0.502210259437561
students_dropout_and_academic_success,class_aware,4,3,8,5,12000,0,46960,3,36,4424,3540,884,2.784251968503937,3540,0.412512708993745,25.52163967299566,25.934152381989406,0.9173397726473574,0.5312445163726807
students_dropout_and_academic_success,class_aware,0,5,8,5,12000,0,46960,3,36,4424,3539,885,2.7826771653543307,3539,0.4201159380027093,21.136396367997804,21.55651230600052,0.9223152383363076,0.51107257604599
students_dropout_and_academic_success,class_aware,1,5,8,5,12000,0,46960,3,36,4424,3539,885,2.7826771653543307,3539,0.417159647004155,21.13299880799605,21.5501584550002,0.9104201382111864,0.5417590141296387
students_dropout_and_academic_success,class_aware,2,5,8,5,12000,0,46960,3,36,4424,3539,885,2.7826771653543307,3539,0.4189580829988699,21.19034156700218,21.60929965000105,0.9067993839577386,0.5618318319320679
students_dropout_and_academic_success,class_aware,3,5,8,5,12000,0,46960,3,36,4424,3539,885,2.7783018867924527,3539,0.4184314449958037,21.91771909700037,22.336150541996176,0.9217167064671185,0.502210259437561
students_dropout_and_academic_success,class_aware,4,5,8,5,12000,0,46960,3,36,4424,3540,884,2.784251968503937,3540,0.412512708993745,25.52163967299566,25.934152381989406,0.9173397726473574,0.5312445163726807
students_dropout_and_academic_success,class_aware,0,10,8,5,12000,0,46960,3,36,4424,3539,885,2.7826771653543307,3539,0.4201159380027093,21.136396367997804,21.55651230600052,0.9223152383363076,0.51107257604599
students_dropout_and_academic_success,class_aware,1,10,8,5,12000,0,46960,3,36,4424,3539,885,2.7826771653543307,3539,0.417159647004155,21.13299880799605,21.5501584550002,0.9104201382111864,0.5417590141296387
students_dropout_and_academic_success,class_aware,2,10,8,5,12000,0,46960,3,36,4424,3539,885,2.7826771653543307,3539,0.4189580829988699,21.19034156700218,21.60929965000105,0.9067993839577386,0.5618318319320679
students_dropout_and_academic_success,class_aware,3,10,8,5,12000,0,46960,3,36,4424,3539,885,2.7783018867924527,3539,0.4184314449958037,21.91771909700037,22.336150541996176,0.9217167064671185,0.502210259437561
students_dropout_and_academic_success,class_aware,4,10,8,5,12000,0,46960,3,36,4424,3540,884,2.784251968503937,3540,0.412512708993745,25.52163967299566,25.934152381989406,0.9173397726473574,0.5312445163726807
students_dropout_and_academic_success,class_aware,0,15,8,5,12000,0,46960,3,36,4424,3539,885,2.7826771653543307,3539,0.4201159380027093,21.136396367997804,21.55651230600052,0.9223152383363076,0.51107257604599
students_dropout_and_academic_success,class_aware,1,15,8,5,12000,0,46960,3,36,4424,3539,885,2.7826771653543307,3539,0.417159647004155,21.13299880799605,21.5501584550002,0.9104201382111864,0.5417590141296387
students_dropout_and_academic_success,class_aware,2,15,8,5,12000,0,46960,3,36,4424,3539,885,2.7826771653543307,3539,0.4189580829988699,21.19034156700218,21.60929965000105,0.9067993839577386,0.5618318319320679
students_dropout_and_academic_success,class_aware,3,15,8,5,12000,0,46960,3,36,4424,3539,885,2.7783018867924527,3539,0.4184314449958037,21.91771909700037,22.336150541996176,0.9217167064671185,0.502210259437561
students_dropout_and_academic_success,class_aware,4,15,8,5,12000,0,46960,3,36,4424,3540,884,2.784251968503937,3540,0.412512708993745,25.52163967299566,25.934152381989406,0.9173397726473574,0.5312445163726807
students_dropout_and_academic_success,class_aware,0,20,8,5,12000,0,46960,3,36,4424,3539,885,2.7826771653543307,3539,0.4201159380027093,21.136396367997804,21.55651230600052,0.9223152383363076,0.51107257604599
students_dropout_and_academic_success,class_aware,1,20,8,5,12000,0,46960,3,36,4424,3539,885,2.7826771653543307,3539,0.417159647004155,21.13299880799605,21.5501584550002,0.9104201382111864,0.5417590141296387
students_dropout_and_academic_success,class_aware,2,20,8,5,12000,0,46960,3,36,4424,3539,885,2.7826771653543307,3539,0.4189580829988699,21.19034156700218,21.60929965000105,0.9067993839577386,0.5618318319320679
students_dropout_and_academic_success,class_aware,3,20,8,5,12000,0,46960,3,36,4424,3539,885,2.7783018867924527,3539,0.4184314449958037,21.91771909700037,22.336150541996176,0.9217167064671185,0.502210259437561
students_dropout_and_academic_success,class_aware,4,20,8,5,12000,0,46960,3,36,4424,3540,884,2.784251968503937,3540,0.412512708993745,25.52163967299566,25.934152381989406,0.9173397726473574,0.5312445163726807
students_dropout_and_academic_success,class_aware,0,30,8,5,12000,0,46960,3,36,4424,3539,885,2.7826771653543307,3539,0.4201159380027093,21.136396367997804,21.55651230600052,0.9223152383363076,0.51107257604599
students_dropout_and_academic_success,class_aware,1,30,8,5,12000,0,46960,3,36,4424,3539,885,2.7826771653543307,3539,0.417159647004155,21.13299880799605,21.5501584550002,0.9104201382111864,0.5417590141296387
students_dropout_and_academic_success,class_aware,2,30,8,5,12000,0,46960,3,36,4424,3539,885,2.7826771653543307,3539,0.4189580829988699,21.19034156700218,21.60929965000105,0.9067993839577386,0.5618318319320679
students_dropout_and_academic_success,class_aware,3,30,8,5,12000,0,46960,3,36,4424,3539,885,2.7783018867924527,3539,0.4184314449958037,21.91771909700037,22.336150541996176,0.9217167064671185,0.502210259437561
students_dropout_and_academic_success,class_aware,4,30,8,5,12000,0,46960,3,36,4424,3540,884,2.784251968503937,3540,0.412512708993745,25.52163967299566,25.934152381989406,0.9173397726473574,0.5312445163726807
students_dropout_and_academic_success,class_aware,0,none,8,5,12000,0,46960,3,36,4424,3539,885,2.7826771653543307,3539,0.4201159380027093,21.136396367997804,21.55651230600052,0.9223152383363076,0.51107257604599
students_dropout_and_academic_success,class_aware,1,none,8,5,12000,0,46960,3,36,4424,3539,885,2.7826771653543307,3539,0.417159647004155,21.13299880799605,21.5501584550002,0.9104201382111864,0.5417590141296387
students_dropout_and_academic_success,class_aware,2,none,8,5,12000,0,46960,3,36,4424,3539,885,2.7826771653543307,3539,0.4189580829988699,21.19034156700218,21.60929965000105,0.9067993839577386,0.5618318319320679
students_dropout_and_academic_success,class_aware,3,none,8,5,12000,0,46960,3,36,4424,3539,885,2.7783018867924527,3539,0.4184314449958037,21.91771909700037,22.336150541996176,0.9217167064671185,0.502210259437561
students_dropout_and_academic_success,class_aware,4,none,8,5,12000,0,46960,3,36,4424,3540,884,2.784251968503937,3540,0.412512708993745,25.52163967299566,25.934152381989406,0.9173397726473574,0.5312445163726807
polish_companies_bankruptcy,class_aware,0,1,1,5,12000,0,46950,2,64,5910,4728,1182,13.414634146341465,656,0.2025896579943946,1.2818414209978073,1.484431078992202,0.9662305986696232,0.1083453968167305
polish_companies_bankruptcy,uniform,0,1,1,5,12000,0,46950,2,64,5910,4728,1182,13.414634146341465,656,0.3308750389987835,1.2547154700005194,1.585590508999303,0.9307427937915744,0.1343350261449813
polish_companies_bankruptcy,class_aware,1,1,1,5,12000,0,46950,2,64,5910,4728,1182,13.414634146341465,656,0.1860034799974528,1.3184034779987996,1.5044069579962525,0.9602106430155212,0.1039474084973335
polish_companies_bankruptcy,uniform,1,1,1,5,12000,0,46950,2,64,5910,4728,1182,13.414634146341465,656,0.1863740049957414,1.267080732002796,1.4534547369985376,0.9434478935698448,0.1269052624702453
polish_companies_bankruptcy,class_aware,2,1,1,5,12000,0,46950,2,64,5910,4728,1182,13.414634146341465,656,0.193700843003171,1.4249553020054009,1.618656145008572,0.9546895787139688,0.1137173771858215
polish_companies_bankruptcy,uniform,2,1,1,5,12000,0,46950,2,64,5910,4728,1182,13.414634146341465,656,0.1865690849954262,1.3110450090025552,1.4976140939979814,0.8834368070953436,0.1687079668045044
polish_companies_bankruptcy,class_aware,3,1,1,5,12000,0,46950,2,64,5910,4728,1182,13.414634146341465,656,0.1918098780006403,1.4993959040002665,1.6912057820009068,0.9652549889135256,0.1064041256904602
polish_companies_bankruptcy,uniform,3,1,1,5,12000,0,46950,2,64,5910,4728,1182,13.414634146341465,656,0.1886023229963029,1.2072968820066308,1.3958992050029335,0.9469179600886918,0.1277851313352584
polish_companies_bankruptcy,class_aware,4,1,1,5,12000,0,46950,2,64,5910,4728,1182,13.414634146341465,656,0.1951195660003577,1.1667336380050983,1.361853204005456,0.968470066518847,0.1019201204180717
polish_companies_bankruptcy,uniform,4,1,1,5,12000,0,46950,2,64,5910,4728,1182,13.414634146341465,656,0.1962904850006452,1.179058615998656,1.3753491009993013,0.9369290465631928,0.1380697637796402
polish_companies_bankruptcy,class_aware,0,3,1,5,12000,0,46950,2,64,5910,4728,1182,13.414634146341465,1312,0.183828896995692,1.836181856000621,2.0200107529963134,0.9616740576496676,0.1093324795365333
polish_companies_bankruptcy,uniform,0,3,1,5,12000,0,46950,2,64,5910,4728,1182,13.414634146341465,1312,0.184925239002041,1.76557847699587,1.950503715997911,0.9442461197339246,0.1276291608810424
polish_companies_bankruptcy,class_aware,1,3,1,5,12000,0,46950,2,64,5910,4728,1182,13.414634146341465,1312,0.259904684004141,1.7718137749980087,2.0317184590021498,0.968669623059867,0.0918708816170692
polish_companies_bankruptcy,uniform,1,3,1,5,12000,0,46950,2,64,5910,4728,1182,13.414634146341465,1312,0.1852897739954642,1.8096057650036528,1.994895538999117,0.9550221729490024,0.1161796450614929
polish_companies_bankruptcy,class_aware,2,3,1,5,12000,0,46950,2,64,5910,4728,1182,13.414634146341465,1312,0.1858059049991425,1.7880773060023785,1.973883211001521,0.971840354767184,0.0925098583102226
polish_companies_bankruptcy,uniform,2,3,1,5,12000,0,46950,2,64,5910,4728,1182,13.414634146341465,1312,0.1843085200016503,1.771438350995595,1.9557468709972448,0.9667516629711752,0.1001761555671691
polish_companies_bankruptcy,class_aware,3,3,1,5,12000,0,46950,2,64,5910,4728,1182,13.414634146341465,1312,0.1844955060005304,1.7386531490046764,1.9231486550052068,0.9713858093126386,0.1012132614850997
polish_companies_bankruptcy,uniform,3,3,1,5,12000,0,46950,2,64,5910,4728,1182,13.414634146341465,1312,0.1837154870008817,1.796353581994481,1.9800690689953624,0.9707871396895786,0.0868797972798347
polish_companies_bankruptcy,class_aware,4,3,1,5,12000,0,46950,2,64,5910,4728,1182,13.414634146341465,1312,0.1865111849983804,1.7570246859977487,1.9435358709961288,0.983780487804878,0.0754459649324417
polish_companies_bankruptcy,uniform,4,3,1,5,12000,0,46950,2,64,5910,4728,1182,13.414634146341465,1312,0.1855646859985427,1.7454038639989449,1.930968549997488,0.953281596452328,0.1212333217263221
polish_companies_bankruptcy,class_aware,0,5,1,5,12000,0,46950,2,64,5910,4728,1182,13.414634146341465,1968,0.1863778539991472,2.350074753994704,2.5364526079938514,0.9705321507760531,0.092352345585823
polish_companies_bankruptcy,uniform,0,5,1,5,12000,0,46950,2,64,5910,4728,1182,13.414634146341465,1968,0.1879089919966645,2.270334649001597,2.458243640998262,0.95480044345898,0.1087291836738586
polish_companies_bankruptcy,class_aware,1,5,1,5,12000,0,46950,2,64,5910,4728,1182,13.414634146341465,1968,0.1862127729982603,2.275037605999387,2.461250378997647,0.9788137472283812,0.0812993049621582
polish_companies_bankruptcy,uniform,1,5,1,5,12000,0,46950,2,64,5910,4728,1182,13.414634146341465,1968,0.2601213329980965,2.277130251997733,2.537251584995829,0.9700110864745012,0.0976804792881012
polish_companies_bankruptcy,class_aware,2,5,1,5,12000,0,46950,2,64,5910,4728,1182,13.414634146341465,1968,0.2202710989949992,2.2892512309990707,2.50952232999407,0.976740576496674,0.0832203924655914
polish_companies_bankruptcy,uniform,2,5,1,5,12000,0,46950,2,64,5910,4728,1182,13.414634146341465,1968,0.1864865870011272,2.283619654001086,2.470106241002213,0.9780376940133038,0.0808920487761497
polish_companies_bankruptcy,class_aware,3,5,1,5,12000,0,46950,2,64,5910,4728,1182,13.414634146341465,1968,0.1878397959953872,2.371053636998113,2.5588934329935,0.9798115299334812,0.0812060087919235
polish_companies_bankruptcy,uniform,3,5,1,5,12000,0,46950,2,64,5910,4728,1182,13.414634146341465,1968,0.1891791809975984,2.2900009919976583,2.4791801729952567,0.9794567627494456,0.0769260302186012
polish_companies_bankruptcy,class_aware,4,5,1,5,12000,0,46950,2,64,5910,4728,1182,13.414634146341465,1968,0.1867830479968688,2.35393085800024,2.5407139059971087,0.987860310421286,0.0684725567698478
polish_companies_bankruptcy,uniform,4,5,1,5,12000,0,46950,2,64,5910,4728,1182,13.414634146341465,1968,0.1874758079939056,2.2759446169948205,2.463420424988726,0.975709534368071,0.0919878855347633
polish_companies_bankruptcy,class_aware,0,10,1,5,12000,0,46950,2,64,5910,4728,1182,13.414634146341465,3608,0.1905676530004711,3.9288476430010633,4.119415296001534,0.9679822616407984,0.0921820774674415
polish_companies_bankruptcy,uniform,0,10,1,5,12000,0,46950,2,64,5910,4728,1182,13.414634146341465,3608,0.1954074980021687,3.945689970998501,4.14109746900067,0.9557982261640798,0.105289027094841
polish_companies_bankruptcy,class_aware,1,10,1,5,12000,0,46950,2,64,5910,4728,1182,13.414634146341465,3608,0.1923358420026488,4.061320357999648,4.253656200002297,0.979279379157428,0.0800592377781868
polish_companies_bankruptcy,uniform,1,10,1,5,12000,0,46950,2,64,5910,4728,1182,13.414634146341465,3608,0.2024315180024132,4.020138412000961,4.222569930003374,0.973980044345898,0.0845352113246917
polish_companies_bankruptcy,class_aware,2,10,1,5,12000,0,46950,2,64,5910,4728,1182,13.414634146341465,3608,0.2718424460035749,4.040506940000341,4.312349386003916,0.9863525498891352,0.0673858523368835
polish_companies_bankruptcy,uniform,2,10,1,5,12000,0,46950,2,64,5910,4728,1182,13.414634146341465,3608,0.1918880719968001,3.986233814997832,4.178121886994632,0.983968957871397,0.068295769393444
polish_companies_bankruptcy,class_aware,3,10,1,5,12000,0,46950,2,64,5910,4728,1182,13.414634146341465,3608,0.1895247799984645,4.011304341998766,4.200829121997231,0.9858647450110865,0.0701031535863876
polish_companies_bankruptcy,uniform,3,10,1,5,12000,0,46950,2,64,5910,4728,1182,13.414634146341465,3608,0.1964680089949979,3.891474566000397,4.087942574995395,0.9838470066518848,0.0646401494741439
polish_companies_bankruptcy,class_aware,4,10,1,5,12000,0,46950,2,64,5910,4728,1182,13.414634146341465,3608,0.1911344680047477,3.930382724000083,4.121517192004831,0.9853436807095344,0.0690228641033172
polish_companies_bankruptcy,uniform,4,10,1,5,12000,0,46950,2,64,5910,4728,1182,13.414634146341465,3608,0.1940038929969887,3.903271331000724,4.097275223997713,0.9856873614190688,0.0703490450978279
polish_companies_bankruptcy,class_aware,0,15,1,5,12000,0,46950,2,64,5910,4728,1182,13.414634146341465,4728,0.1919307300049695,5.143894979999459,5.335825710004428,0.97009977827051,0.0888291150331497
polish_companies_bankruptcy,class_aware,1,15,1,5,12000,0,46950,2,64,5910,4728,1182,13.414634146341465,4728,0.1903413719992386,5.151852122005948,5.342193494005187,0.9776718403547672,0.0782654657959938
polish_companies_bankruptcy,class_aware,2,15,1,5,12000,0,46950,2,64,5910,4728,1182,13.414634146341465,4728,0.1922122379983193,5.100682552001672,5.292894789999991,0.9868847006651884,0.0633611008524894
polish_companies_bankruptcy,class_aware,3,15,1,5,12000,0,46950,2,64,5910,4728,1182,13.414634146341465,4728,0.1984049499951652,5.127586886002973,5.325991835998138,0.987960088691796,0.0639738142490387
polish_companies_bankruptcy,class_aware,4,15,1,5,12000,0,46950,2,64,5910,4728,1182,13.414634146341465,4728,0.1919332199977361,5.120955786005652,5.312889006003388,0.9824833702882484,0.0701613500714302
polish_companies_bankruptcy,class_aware,0,20,1,5,12000,0,46950,2,64,5910,4728,1182,13.414634146341465,4728,0.1919307300049695,5.143894979999459,5.335825710004428,0.97009977827051,0.0888291150331497
polish_companies_bankruptcy,class_aware,1,20,1,5,12000,0,46950,2,64,5910,4728,1182,13.414634146341465,4728,0.1903413719992386,5.151852122005948,5.342193494005187,0.9776718403547672,0.0782654657959938
polish_companies_bankruptcy,class_aware,2,20,1,5,12000,0,46950,2,64,5910,4728,1182,13.414634146341465,4728,0.1922122379983193,5.100682552001672,5.292894789999991,0.9868847006651884,0.0633611008524894
polish_companies_bankruptcy,class_aware,3,20,1,5,12000,0,46950,2,64,5910,4728,1182,13.414634146341465,4728,0.1984049499951652,5.127586886002973,5.325991835998138,0.987960088691796,0.0639738142490387
polish_companies_bankruptcy,class_aware,4,20,1,5,12000,0,46950,2,64,5910,4728,1182,13.414634146341465,4728,0.1919332199977361,5.120955786005652,5.312889006003388,0.9824833702882484,0.0701613500714302
polish_companies_bankruptcy,class_aware,0,30,1,5,12000,0,46950,2,64,5910,4728,1182,13.414634146341465,4728,0.1919307300049695,5.143894979999459,5.335825710004428,0.97009977827051,0.0888291150331497
polish_companies_bankruptcy,class_aware,1,30,1,5,12000,0,46950,2,64,5910,4728,1182,13.414634146341465,4728,0.1903413719992386,5.151852122005948,5.342193494005187,0.9776718403547672,0.0782654657959938
polish_companies_bankruptcy,class_aware,2,30,1,5,12000,0,46950,2,64,5910,4728,1182,13.414634146341465,4728,0.1922122379983193,5.100682552001672,5.292894789999991,0.9868847006651884,0.0633611008524894
polish_companies_bankruptcy,class_aware,3,30,1,5,12000,0,46950,2,64,5910,4728,1182,13.414634146341465,4728,0.1984049499951652,5.127586886002973,5.325991835998138,0.987960088691796,0.0639738142490387
polish_companies_bankruptcy,class_aware,4,30,1,5,12000,0,46950,2,64,5910,4728,1182,13.414634146341465,4728,0.1919332199977361,5.120955786005652,5.312889006003388,0.9824833702882484,0.0701613500714302
polish_companies_bankruptcy,class_aware,0,none,1,5,12000,0,46950,2,64,5910,4728,1182,13.414634146341465,4728,0.1919307300049695,5.143894979999459,5.335825710004428,0.97009977827051,0.0888291150331497
polish_companies_bankruptcy,class_aware,1,none,1,5,12000,0,46950,2,64,5910,4728,1182,13.414634146341465,4728,0.1903413719992386,5.151852122005948,5.342193494005187,0.9776718403547672,0.0782654657959938
polish_companies_bankruptcy,class_aware,2,none,1,5,12000,0,46950,2,64,5910,4728,1182,13.414634146341465,4728,0.1922122379983193,5.100682552001672,5.292894789999991,0.9868847006651884,0.0633611008524894
polish_companies_bankruptcy,class_aware,3,none,1,5,12000,0,46950,2,64,5910,4728,1182,13.414634146341465,4728,0.1984049499951652,5.127586886002973,5.325991835998138,0.987960088691796,0.0639738142490387
polish_companies_bankruptcy,class_aware,4,none,1,5,12000,0,46950,2,64,5910,4728,1182,13.414634146341465,4728,0.1919332199977361,5.120955786005652,5.312889006003388,0.9824833702882484,0.0701613500714302
polish_companies_bankruptcy,class_aware,0,1,4,5,12000,0,46950,2,64,5910,4728,1182,13.414634146341465,656,0.8375783230003435,4.754374975003884,5.591953298004228,0.9729490022172947,0.089478425681591
polish_companies_bankruptcy,uniform,0,1,4,5,12000,0,46950,2,64,5910,4728,1182,13.414634146341465,656,0.8297720139962621,4.749149543997191,5.5789215579934535,0.9580376940133036,0.1100199893116951
polish_companies_bankruptcy,class_aware,1,1,4,5,12000,0,46950,2,64,5910,4728,1182,13.414634146341465,656,0.7976305000047432,4.885674060002202,5.683304560006945,0.9698891352549888,0.096416637301445
polish_companies_bankruptcy,uniform,1,1,4,5,12000,0,46950,2,64,5910,4728,1182,13.414634146341465,656,0.8281671310032834,4.98340308600018,5.811570217003464,0.9577937915742796,0.1099723279476165
polish_companies_bankruptcy,class_aware,2,1,4,5,12000,0,46950,2,64,5910,4728,1182,13.414634146341465,656,0.8001039329974446,4.707649818999926,5.50775375199737,0.9649334811529932,0.0983165875077247
polish_companies_bankruptcy,uniform,2,1,4,5,12000,0,46950,2,64,5910,4728,1182,13.414634146341465,656,0.8606086090003373,4.778490593002061,5.639099202002399,0.9565077605321508,0.1114673763513565
polish_companies_bankruptcy,class_aware,3,1,4,5,12000,0,46950,2,64,5910,4728,1182,13.414634146341465,656,0.9141386010014684,4.3447429399966495,5.258881540998118,0.9751773835920176,0.0885277912020683
polish_companies_bankruptcy,uniform,3,1,4,5,12000,0,46950,2,64,5910,4728,1182,13.414634146341465,656,0.8238491430020076,4.280086018996371,5.103935161998379,0.9644013303769402,0.1122906655073165
polish_companies_bankruptcy,class_aware,4,1,4,5,12000,0,46950,2,64,5910,4728,1182,13.414634146341465,656,0.7780513640027493,4.590994384998339,5.3690457490010886,0.9749667405764968,0.0901409238576889
polish_companies_bankruptcy,uniform,4,1,4,5,12000,0,46950,2,64,5910,4728,1182,13.414634146341465,656,0.8265133070017328,4.295447322001564,5.121960629003297,0.9549667405764966,0.1253805160522461
polish_companies_bankruptcy,class_aware,0,3,4,5,12000,0,46950,2,64,5910,4728,1182,13.414634146341465,1312,0.8657850200033863,6.310688099998515,7.176473120001901,0.972039911308204,0.091604508459568
polish_companies_bankruptcy,uniform,0,3,4,5,12000,0,46950,2,64,5910,4728,1182,13.414634146341465,1312,0.8580200509968563,6.920997244000319,7.779017294997175,0.96509977827051,0.0976890102028846
polish_companies_bankruptcy,class_aware,1,3,4,5,12000,0,46950,2,64,5910,4728,1182,13.414634146341465,1312,0.8414973670005566,6.83455025999865,7.676047626999207,0.977239467849224,0.0809775814414024
polish_companies_bankruptcy,uniform,1,3,4,5,12000,0,46950,2,64,5910,4728,1182,13.414634146341465,1312,0.8911484600030235,6.764300896997156,7.65544935700018,0.969090909090909,0.0959367975592613
polish_companies_bankruptcy,class_aware,2,3,4,5,12000,0,46950,2,64,5910,4728,1182,13.414634146341465,1312,0.8654596199994558,6.788129439999466,7.653589059998922,0.9776164079822616,0.0733000189065933
polish_companies_bankruptcy,uniform,2,3,4,5,12000,0,46950,2,64,5910,4728,1182,13.414634146341465,1312,0.8781731549970573,6.789752033997502,7.667925188994559,0.9737472283813746,0.0815429463982582
polish_companies_bankruptcy,class_aware,3,3,4,5,12000,0,46950,2,64,5910,4728,1182,13.414634146341465,1312,0.9346304739956396,6.782610846996249,7.717241320991889,0.987949002217295,0.0657353028655052
polish_companies_bankruptcy,uniform,3,3,4,5,12000,0,46950,2,64,5910,4728,1182,13.414634146341465,1312,0.8722538250003709,6.821282445998804,7.693536270999175,0.981940133037694,0.0735997706651687
polish_companies_bankruptcy,class_aware,4,3,4,5,12000,0,46950,2,64,5910,4728,1182,13.414634146341465,1312,0.8441577159974258,6.739630884003418,7.583788600000844,0.9893680709534368,0.0640108361840248
polish_companies_bankruptcy,uniform,4,3,4,5,12000,0,46950,2,64,5910,4728,1182,13.414634146341465,1312,0.8617114160006167,6.797267690999433,7.65897910700005,0.9743015521064302,0.0948849990963935
polish_companies_bankruptcy,class_aware,0,5,4,5,12000,0,46950,2,64,5910,4728,1182,13.414634146341465,1968,0.900564937001036,9.299149141996168,10.199714078997204,0.975310421286031,0.0828050449490547
polish_companies_bankruptcy,uniform,0,5,4,5,12000,0,46950,2,64,5910,4728,1182,13.414634146341465,1968,0.9063025630021002,9.009141974995146,9.915444537997246,0.9708314855875833,0.0876393094658851
polish_companies_bankruptcy,class_aware,1,5,4,5,12000,0,46950,2,64,5910,4728,1182,13.414634146341465,1968,0.910101911998936,8.85644912099815,9.766551032997086,0.9769733924611972,0.0792024359107017
polish_companies_bankruptcy,uniform,1,5,4,5,12000,0,46950,2,64,5910,4728,1182,13.414634146341465,1968,0.9174311559982016,8.897511260998726,9.814942416996928,0.976119733924612,0.0850298106670379
polish_companies_bankruptcy,class_aware,2,5,4,5,12000,0,46950,2,64,5910,4728,1182,13.414634146341465,1968,0.902029364995542,8.83046788199863,9.732497246994171,0.9826053215077604,0.0682662725448608
polish_companies_bankruptcy,uniform,2,5,4,5,12000,0,46950,2,64,5910,4728,1182,13.414634146341465,1968,0.924910297995666,8.963469604997954,9.88837990299362,0.9799113082039912,0.0719864144921302
polish_companies_bankruptcy,class_aware,3,5,4,5,12000,0,46950,2,64,5910,4728,1182,13.414634146341465,1968,0.9163926629989874,8.86825594700349,9.784648610002478,0.9882372505543238,0.059088222682476
polish_companies_bankruptcy,uniform,3,5,4,5,12000,0,46950,2,64,5910,4728,1182,13.414634146341465,1968,0.994210890996328,8.866569516998425,9.860780407994753,0.9846674057649668,0.0616049580276012
polish_companies_bankruptcy,class_aware,4,5,4,5,12000,0,46950,2,64,5910,4728,1182,13.414634146341465,1968,0.8908220660014194,9.013914212999223,9.904736279000645,0.9905764966740576,0.05866364762187
polish_companies_bankruptcy,uniform,4,5,4,5,12000,0,46950,2,64,5910,4728,1182,13.414634146341465,1968,0.9230691319971812,8.966667348002375,9.889736479999556,0.9856541019955656,0.076764240860939
polish_companies_bankruptcy,class_aware,0,10,4,5,12000,0,46950,2,64,5910,4728,1182,13.414634146341465,3608,1.0185494469988043,15.378094065999903,16.396643512998708,0.9745787139689578,0.0825389474630355
polish_companies_bankruptcy,uniform,0,10,4,5,12000,0,46950,2,64,5910,4728,1182,13.414634146341465,3608,1.014061968002352,15.25028092499997,16.264342893002322,0.9733148558758314,0.0842072814702987
polish_companies_bankruptcy,class_aware,1,10,4,5,12000,0,46950,2,64,5910,4728,1182,13.414634146341465,3608,1.0348516069934703,15.220414941002671,16.255266547996143,0.9822062084257208,0.0713114961981773
polish_companies_bankruptcy,uniform,1,10,4,5,12000,0,46950,2,64,5910,4728,1182,13.414634146341465,3608,1.0348773830046412,15.348206080998352,16.383083464002993,0.9820620842572062,0.0730298310518264
polish_companies_bankruptcy,class_aware,2,10,4,5,12000,0,46950,2,64,5910,4728,1182,13.414634146341465,3608,1.020166932998109,15.419799739000156,16.439966671998263,0.9879490022172948,0.0597496926784515
polish_companies_bankruptcy,uniform,2,10,4,5,12000,0,46950,2,64,5910,4728,1182,13.414634146341465,3608,1.0440287360033835,15.456505098998605,16.50053383500199,0.984190687361419,0.0659142583608627
polish_companies_bankruptcy,class_aware,3,10,4,5,12000,0,46950,2,64,5910,4728,1182,13.414634146341465,3608,1.0025046359951375,15.617038595002668,16.619543230997806,0.9909090909090909,0.0531453378498554
polish_companies_bankruptcy,uniform,3,10,4,5,12000,0,46950,2,64,5910,4728,1182,13.414634146341465,3608,1.0954074459950789,15.368261269999492,16.463668715994572,0.9870620842572062,0.0578892491757869
polish_companies_bankruptcy,class_aware,4,10,4,5,12000,0,46950,2,64,5910,4728,1182,13.414634146341465,3608,0.9886277620025794,15.34781314599968,16.33644090800226,0.99039911308204,0.0573119074106216
polish_companies_bankruptcy,uniform,4,10,4,5,12000,0,46950,2,64,5910,4728,1182,13.414634146341465,3608,1.0047591420006938,15.321506844004034,16.326265986004728,0.9894124168514412,0.0623317025601863
polish_companies_bankruptcy,class_aware,0,15,4,5,12000,0,46950,2,64,5910,4728,1182,13.414634146341465,4728,0.6291118349981843,20.25022030199761,20.8793321369958,0.9780820399113084,0.0770066156983375
polish_companies_bankruptcy,class_aware,1,15,4,5,12000,0,46950,2,64,5910,4728,1182,13.414634146341465,4728,0.6341800489972229,20.645246678999683,21.279426727996903,0.9820620842572062,0.071363516151905
polish_companies_bankruptcy,class_aware,2,15,4,5,12000,0,46950,2,64,5910,4728,1182,13.414634146341465,4728,0.632924274999823,20.752432605004287,21.38535688000411,0.9891906873614192,0.0578427128493785
polish_companies_bankruptcy,class_aware,3,15,4,5,12000,0,46950,2,64,5910,4728,1182,13.414634146341465,4728,0.638243720997707,20.81772681200528,21.455970533002983,0.988980044345898,0.0530360899865627
polish_companies_bankruptcy,class_aware,4,15,4,5,12000,0,46950,2,64,5910,4728,1182,13.414634146341465,4728,0.6180182009993587,20.57848017699871,21.19649837799807,0.99009977827051,0.056962814182043
polish_companies_bankruptcy,class_aware,0,20,4,5,12000,0,46950,2,64,5910,4728,1182,13.414634146341465,4728,0.6291118349981843,20.25022030199761,20.8793321369958,0.9780820399113084,0.0770066156983375
polish_companies_bankruptcy,class_aware,1,20,4,5,12000,0,46950,2,64,5910,4728,1182,13.414634146341465,4728,0.6341800489972229,20.645246678999683,21.279426727996903,0.9820620842572062,0.071363516151905
polish_companies_bankruptcy,class_aware,2,20,4,5,12000,0,46950,2,64,5910,4728,1182,13.414634146341465,4728,0.632924274999823,20.752432605004287,21.38535688000411,0.9891906873614192,0.0578427128493785
polish_companies_bankruptcy,class_aware,3,20,4,5,12000,0,46950,2,64,5910,4728,1182,13.414634146341465,4728,0.638243720997707,20.81772681200528,21.455970533002983,0.988980044345898,0.0530360899865627
polish_companies_bankruptcy,class_aware,4,20,4,5,12000,0,46950,2,64,5910,4728,1182,13.414634146341465,4728,0.6180182009993587,20.57848017699871,21.19649837799807,0.99009977827051,0.056962814182043
polish_companies_bankruptcy,class_aware,0,30,4,5,12000,0,46950,2,64,5910,4728,1182,13.414634146341465,4728,0.6291118349981843,20.25022030199761,20.8793321369958,0.9780820399113084,0.0770066156983375
polish_companies_bankruptcy,class_aware,1,30,4,5,12000,0,46950,2,64,5910,4728,1182,13.414634146341465,4728,0.6341800489972229,20.645246678999683,21.279426727996903,0.9820620842572062,0.071363516151905
polish_companies_bankruptcy,class_aware,2,30,4,5,12000,0,46950,2,64,5910,4728,1182,13.414634146341465,4728,0.632924274999823,20.752432605004287,21.38535688000411,0.9891906873614192,0.0578427128493785
polish_companies_bankruptcy,class_aware,3,30,4,5,12000,0,46950,2,64,5910,4728,1182,13.414634146341465,4728,0.638243720997707,20.81772681200528,21.455970533002983,0.988980044345898,0.0530360899865627
polish_companies_bankruptcy,class_aware,4,30,4,5,12000,0,46950,2,64,5910,4728,1182,13.414634146341465,4728,0.6180182009993587,20.57848017699871,21.19649837799807,0.99009977827051,0.056962814182043
polish_companies_bankruptcy,class_aware,0,none,4,5,12000,0,46950,2,64,5910,4728,1182,13.414634146341465,4728,0.6291118349981843,20.25022030199761,20.8793321369958,0.9780820399113084,0.0770066156983375
polish_companies_bankruptcy,class_aware,1,none,4,5,12000,0,46950,2,64,5910,4728,1182,13.414634146341465,4728,0.6341800489972229,20.645246678999683,21.279426727996903,0.9820620842572062,0.071363516151905
polish_companies_bankruptcy,class_aware,2,none,4,5,12000,0,46950,2,64,5910,4728,1182,13.414634146341465,4728,0.632924274999823,20.752432605004287,21.38535688000411,0.9891906873614192,0.0578427128493785
polish_companies_bankruptcy,class_aware,3,none,4,5,12000,0,46950,2,64,5910,4728,1182,13.414634146341465,4728,0.638243720997707,20.81772681200528,21.455970533002983,0.988980044345898,0.0530360899865627
polish_companies_bankruptcy,class_aware,4,none,4,5,12000,0,46950,2,64,5910,4728,1182,13.414634146341465,4728,0.6180182009993587,20.57848017699871,21.19649837799807,0.99009977827051,0.056962814182043
polish_companies_bankruptcy,class_aware,0,1,8,5,12000,0,46950,2,64,5910,4728,1182,13.414634146341465,656,1.4311825719996705,9.431375186999505,10.862557758999174,0.9743348115299334,0.0876941978931427
polish_companies_bankruptcy,uniform,0,1,8,5,12000,0,46950,2,64,5910,4728,1182,13.414634146341465,656,1.414055178000126,9.279473604001396,10.693528782001522,0.958481152993348,0.1072444096207618
polish_companies_bankruptcy,class_aware,1,1,8,5,12000,0,46950,2,64,5910,4728,1182,13.414634146341465,656,1.397254089002672,9.3308095350003,10.72806362400297,0.9711751662971176,0.0957144722342491
polish_companies_bankruptcy,uniform,1,1,8,5,12000,0,46950,2,64,5910,4728,1182,13.414634146341465,656,1.496160210997914,9.638235949998489,11.134396160996404,0.957239467849224,0.1131538599729538
polish_companies_bankruptcy,class_aware,2,1,8,5,12000,0,46950,2,64,5910,4728,1182,13.414634146341465,656,1.466522260001511,9.558917092996126,11.025439352997637,0.9674611973392462,0.0949310958385467
polish_companies_bankruptcy,uniform,2,1,8,5,12000,0,46950,2,64,5910,4728,1182,13.414634146341465,656,1.446989156997006,9.4186603890048,10.865649546001803,0.9538913525498892,0.1173950284719467
polish_companies_bankruptcy,class_aware,3,1,8,5,12000,0,46950,2,64,5910,4728,1182,13.414634146341465,656,1.447024205001071,9.326397780998375,10.773421985999448,0.9757538802660752,0.0884653031826019
polish_companies_bankruptcy,uniform,3,1,8,5,12000,0,46950,2,64,5910,4728,1182,13.414634146341465,656,1.4738258229990606,9.288670839996485,10.762496662995543,0.9689024390243902,0.1011782065033912
polish_companies_bankruptcy,class_aware,4,1,8,5,12000,0,46950,2,64,5910,4728,1182,13.414634146341465,656,1.4553180949951638,9.255161410997973,10.710479505993137,0.97569844789357,0.0899145677685737
polish_companies_bankruptcy,uniform,4,1,8,5,12000,0,46950,2,64,5910,4728,1182,13.414634146341465,656,1.4193658889998917,9.22702874999959,10.646394638999482,0.963980044345898,0.1146629303693771
polish_companies_bankruptcy,class_aware,0,3,8,5,12000,0,46950,2,64,5910,4728,1182,13.414634146341465,1312,1.535957170999609,13.4288704089995,14.96482757999911,0.9738248337028824,0.0878853574395179
polish_companies_bankruptcy,uniform,0,3,8,5,12000,0,46950,2,64,5910,4728,1182,13.414634146341465,1312,1.5358617990059429,13.373444082004426,14.909305881010368,0.9656541019955656,0.0937810391187667
polish_companies_bankruptcy,class_aware,1,3,8,5,12000,0,46950,2,64,5910,4728,1182,13.414634146341465,1312,1.5324164480043692,13.358630927999911,14.89104737600428,0.9780487804878047,0.0811109542846679
polish_companies_bankruptcy,uniform,1,3,8,5,12000,0,46950,2,64,5910,4728,1182,13.414634146341465,1312,1.545770208002068,13.366719615005422,14.91248982300749,0.9698669623059868,0.0947871878743171
polish_companies_bankruptcy,class_aware,2,3,8,5,12000,0,46950,2,64,5910,4728,1182,13.414634146341465,1312,1.5202330499960226,13.368326145995525,14.888559195991547,0.9797782705099778,0.0721723958849906
polish_companies_bankruptcy,uniform,2,3,8,5,12000,0,46950,2,64,5910,4728,1182,13.414634146341465,1312,1.510105419998581,13.558524694999504,15.068630114998086,0.9725055432372508,0.0862001627683639
polish_companies_bankruptcy,class_aware,3,3,8,5,12000,0,46950,2,64,5910,4728,1182,13.414634146341465,1312,1.5365224859997395,13.499209656001767,15.035732142001509,0.988048780487805,0.0665415003895759
polish_companies_bankruptcy,uniform,3,3,8,5,12000,0,46950,2,64,5910,4728,1182,13.414634146341465,1312,1.5348701850016369,13.481416840004384,15.016287025006022,0.9841574279379158,0.0693888440728187
polish_companies_bankruptcy,class_aware,4,3,8,5,12000,0,46950,2,64,5910,4728,1182,13.414634146341465,1312,1.4922538969985908,13.485422151999956,14.977676048998546,0.9880266075388028,0.0663180127739906
polish_companies_bankruptcy,uniform,4,3,8,5,12000,0,46950,2,64,5910,4728,1182,13.414634146341465,1312,1.6329948539932957,13.41721819099621,15.050213044989505,0.977239467849224,0.0892177298665046
polish_companies_bankruptcy,class_aware,0,5,8,5,12000,0,46950,2,64,5910,4728,1182,13.414634146341465,1968,1.641086408002593,17.90777084500587,19.548857253008464,0.9752439024390244,0.0833296924829483
polish_companies_bankruptcy,uniform,0,5,8,5,12000,0,46950,2,64,5910,4728,1182,13.414634146341465,1968,1.6184053140023025,17.979004274995532,19.597409588997834,0.9715742793791574,0.0858177542686462
polish_companies_bankruptcy,class_aware,1,5,8,5,12000,0,46950,2,64,5910,4728,1182,13.414634146341465,1968,1.638285499997437,18.01251033599692,19.65079583599436,0.9805543237250556,0.0769975557923317
polish_companies_bankruptcy,uniform,1,5,8,5,12000,0,46950,2,64,5910,4728,1182,13.414634146341465,1968,1.6597168349981075,17.955193201996735,19.614910036994843,0.976219512195122,0.0822559669613838
polish_companies_bankruptcy,class_aware,2,5,8,5,12000,0,46950,2,64,5910,4728,1182,13.414634146341465,1968,1.5994434010062832,18.238018850002845,19.83746225100913,0.9813192904656318,0.0705441981554031
polish_companies_bankruptcy,uniform,2,5,8,5,12000,0,46950,2,64,5910,4728,1182,13.414634146341465,1968,1.652095992998511,18.018165765999584,19.67026175899809,0.9818736141906874,0.0706748142838478
polish_companies_bankruptcy,class_aware,3,5,8,5,12000,0,46950,2,64,5910,4728,1182,13.414634146341465,1968,1.6111785329994746,17.978389601994422,19.589568134993897,0.9895232815964524,0.0590237602591514
polish_companies_bankruptcy,uniform,3,5,8,5,12000,0,46950,2,64,5910,4728,1182,13.414634146341465,1968,1.6140374969982076,18.04687643000216,19.660913927000365,0.985110864745011,0.0626519843935966
polish_companies_bankruptcy,class_aware,4,5,8,5,12000,0,46950,2,64,5910,4728,1182,13.414634146341465,1968,1.6020351050028694,18.25290468199819,19.85493978700105,0.9905543237250554,0.0596556961536407
polish_companies_bankruptcy,uniform,4,5,8,5,12000,0,46950,2,64,5910,4728,1182,13.414634146341465,1968,1.7462663339974824,17.966646590997698,19.71291292499518,0.9834700665188468,0.0741058811545372
polish_companies_bankruptcy,class_aware,0,10,8,5,12000,0,46950,2,64,5910,4728,1182,13.414634146341465,3608,1.860904020002636,32.67709970300348,34.53800372300611,0.977239467849224,0.0788457468152046
polish_companies_bankruptcy,uniform,0,10,8,5,12000,0,46950,2,64,5910,4728,1182,13.414634146341465,3608,1.830926605995046,32.1579103069962,33.988836912991246,0.976219512195122,0.0798360407352447
polish_companies_bankruptcy,class_aware,1,10,8,5,12000,0,46950,2,64,5910,4728,1182,13.414634146341465,3608,1.8471590839981216,32.36605274199974,34.21321182599786,0.9814855875831484,0.0720198005437851
polish_companies_bankruptcy,uniform,1,10,8,5,12000,0,46950,2,64,5910,4728,1182,13.414634146341465,3608,1.8425608659963475,32.21947824800009,34.062039113996434,0.9813636363636364,0.0737337619066238
polish_companies_bankruptcy,class_aware,2,10,8,5,12000,0,46950,2,64,5910,4728,1182,13.414634146341465,3608,1.8271139890057384,32.03321199199854,33.86032598100428,0.9869623059866962,0.0631884112954139
polish_companies_bankruptcy,uniform,2,10,8,5,12000,0,46950,2,64,5910,4728,1182,13.414634146341465,3608,1.9806881999975303,32.12035014000139,34.10103833999892,0.9860532150776052,0.0640049651265144
polish_companies_bankruptcy,class_aware,3,10,8,5,12000,0,46950,2,64,5910,4728,1182,13.414634146341465,3608,1.8672109079998336,32.09746945700317,33.964680365003005,0.99049889135255,0.0534504614770412
polish_companies_bankruptcy,uniform,3,10,8,5,12000,0,46950,2,64,5910,4728,1182,13.414634146341465,3608,1.8371435299995933,31.93467239899473,33.77181592899433,0.987538802660754,0.0557559058070182
polish_companies_bankruptcy,class_aware,4,10,8,5,12000,0,46950,2,64,5910,4728,1182,13.414634146341465,3608,1.784116754999559,32.32385628799966,34.10797304299922,0.989179600886918,0.0598797090351581
polish_companies_bankruptcy,uniform,4,10,8,5,12000,0,46950,2,64,5910,4728,1182,13.414634146341465,3608,1.809164161000808,32.1093001870031,33.91846434800391,0.9880487804878048,0.0618670620024204
polish_companies_bankruptcy,class_aware,0,15,8,5,12000,0,46950,2,64,5910,4728,1182,13.414634146341465,4728,0.7445256939972751,41.79072686500149,42.53525255899877,0.9777827050997784,0.0777301713824272
polish_companies_bankruptcy,class_aware,1,15,8,5,12000,0,46950,2,64,5910,4728,1182,13.414634146341465,4728,0.6387186779975309,41.523172962995886,42.16189164099342,0.9811419068736142,0.0726925358176231
polish_companies_bankruptcy,class_aware,2,15,8,5,12000,0,46950,2,64,5910,4728,1182,13.414634146341465,4728,0.6254594909987645,42.12932064099732,42.754780131996085,0.9887361419068736,0.0589695274829864
polish_companies_bankruptcy,class_aware,3,15,8,5,12000,0,46950,2,64,5910,4728,1182,13.414634146341465,4728,0.646311288997822,42.78719111300597,43.4335024020038,0.9896119733924612,0.0527404025197029
polish_companies_bankruptcy,class_aware,4,15,8,5,12000,0,46950,2,64,5910,4728,1182,13.414634146341465,4728,0.6208109039944247,42.02589923599589,42.64671013999032,0.9890354767184036,0.0595541484653949
polish_companies_bankruptcy,class_aware,0,20,8,5,12000,0,46950,2,64,5910,4728,1182,13.414634146341465,4728,0.7445256939972751,41.79072686500149,42.53525255899877,0.9777827050997784,0.0777301713824272
polish_companies_bankruptcy,class_aware,1,20,8,5,12000,0,46950,2,64,5910,4728,1182,13.414634146341465,4728,0.6387186779975309,41.523172962995886,42.16189164099342,0.9811419068736142,0.0726925358176231
polish_companies_bankruptcy,class_aware,2,20,8,5,12000,0,46950,2,64,5910,4728,1182,13.414634146341465,4728,0.6254594909987645,42.12932064099732,42.754780131996085,0.9887361419068736,0.0589695274829864
polish_companies_bankruptcy,class_aware,3,20,8,5,12000,0,46950,2,64,5910,4728,1182,13.414634146341465,4728,0.646311288997822,42.78719111300597,43.4335024020038,0.9896119733924612,0.0527404025197029
polish_companies_bankruptcy,class_aware,4,20,8,5,12000,0,46950,2,64,5910,4728,1182,13.414634146341465,4728,0.6208109039944247,42.02589923599589,42.64671013999032,0.9890354767184036,0.0595541484653949
polish_companies_bankruptcy,class_aware,0,30,8,5,12000,0,46950,2,64,5910,4728,1182,13.414634146341465,4728,0.7445256939972751,41.79072686500149,42.53525255899877,0.9777827050997784,0.0777301713824272
polish_companies_bankruptcy,class_aware,1,30,8,5,12000,0,46950,2,64,5910,4728,1182,13.414634146341465,4728,0.6387186779975309,41.523172962995886,42.16189164099342,0.9811419068736142,0.0726925358176231
polish_companies_bankruptcy,class_aware,2,30,8,5,12000,0,46950,2,64,5910,4728,1182,13.414634146341465,4728,0.6254594909987645,42.12932064099732,42.754780131996085,0.9887361419068736,0.0589695274829864
polish_companies_bankruptcy,class_aware,3,30,8,5,12000,0,46950,2,64,5910,4728,1182,13.414634146341465,4728,0.646311288997822,42.78719111300597,43.4335024020038,0.9896119733924612,0.0527404025197029
polish_companies_bankruptcy,class_aware,4,30,8,5,12000,0,46950,2,64,5910,4728,1182,13.414634146341465,4728,0.6208109039944247,42.02589923599589,42.64671013999032,0.9890354767184036,0.0595541484653949
polish_companies_bankruptcy,class_aware,0,none,8,5,12000,0,46950,2,64,5910,4728,1182,13.414634146341465,4728,0.7445256939972751,41.79072686500149,42.53525255899877,0.9777827050997784,0.0777301713824272
polish_companies_bankruptcy,class_aware,1,none,8,5,12000,0,46950,2,64,5910,4728,1182,13.414634146341465,4728,0.6387186779975309,41.523172962995886,42.16189164099342,0.9811419068736142,0.0726925358176231
polish_companies_bankruptcy,class_aware,2,none,8,5,12000,0,46950,2,64,5910,4728,1182,13.414634146341465,4728,0.6254594909987645,42.12932064099732,42.754780131996085,0.9887361419068736,0.0589695274829864
polish_companies_bankruptcy,class_aware,3,none,8,5,12000,0,46950,2,64,5910,4728,1182,13.414634146341465,4728,0.646311288997822,42.78719111300597,43.4335024020038,0.9896119733924612,0.0527404025197029
polish_companies_bankruptcy,class_aware,4,none,8,5,12000,0,46950,2,64,5910,4728,1182,13.414634146341465,4728,0.6208109039944247,42.02589923599589,42.64671013999032,0.9890354767184036,0.0595541484653949
taiwanese_bankruptcy_prediction,class_aware,0,1,1,5,12000,0,46962,2,94,6819,5455,1364,29.994318181818183,352,0.1886280309990979,1.3316107920036302,1.5202388230027282,0.949431818181818,0.0813372582197189
taiwanese_bankruptcy_prediction,uniform,0,1,1,5,12000,0,46962,2,94,6819,5455,1364,29.994318181818183,352,0.1896933559983153,1.4054777669953182,1.5951711229936336,0.9181473829201102,0.102215364575386
taiwanese_bankruptcy_prediction,class_aware,1,1,1,5,12000,0,46962,2,94,6819,5455,1364,29.994318181818183,352,0.1894307449983898,1.3046193810005209,1.4940501259989103,0.9298553719008265,0.090136595070362
taiwanese_bankruptcy_prediction,uniform,1,1,1,5,12000,0,46962,2,94,6819,5455,1364,29.994318181818183,352,0.1888243790017441,1.2845355560057214,1.4733599350074655,0.91892217630854,0.1024849638342857
taiwanese_bankruptcy_prediction,class_aware,2,1,1,5,12000,0,46962,2,94,6819,5455,1364,29.994318181818183,352,0.1886286869994364,1.2902704879961675,1.478899174995604,0.9361225895316804,0.0884360373020172
taiwanese_bankruptcy_prediction,uniform,2,1,1,5,12000,0,46962,2,94,6819,5455,1364,29.994318181818183,352,0.1886337940013618,1.2895617809990654,1.4781955750004272,0.9006714876033057,0.1019387021660804
taiwanese_bankruptcy_prediction,class_aware,3,1,1,5,12000,0,46962,2,94,6819,5455,1364,29.994318181818183,352,0.1891020590046537,1.35271369000111,1.5418157490057638,0.9069214876033058,0.1203764975070953
taiwanese_bankruptcy_prediction,uniform,3,1,1,5,12000,0,46962,2,94,6819,5455,1364,29.994318181818183,352,0.189230377000058,1.3173028849996626,1.5065332619997207,0.8911157024793389,0.1145641952753067
taiwanese_bankruptcy_prediction,class_aware,4,1,1,5,12000,0,46962,2,94,6819,5456,1363,30.0,352,0.1886688640006468,1.3226776939991396,1.5113465579997865,0.9607140395616514,0.0730840414762497
taiwanese_bankruptcy_prediction,uniform,4,1,1,5,12000,0,46962,2,94,6819,5456,1363,30.0,352,0.1883815029941615,1.3797099700022954,1.568091472996457,0.9366944655041698,0.0983809828758239
taiwanese_bankruptcy_prediction,class_aware,0,3,1,5,12000,0,46962,2,94,6819,5455,1364,29.994318181818183,704,0.1898655359982513,1.5708224629997858,1.760687998998037,0.9584538567493112,0.0773290619254112
taiwanese_bankruptcy_prediction,uniform,0,3,1,5,12000,0,46962,2,94,6819,5455,1364,29.994318181818183,704,0.1910354120045667,1.5549483740032883,1.745983786007855,0.9424070247933884,0.0838728696107864
taiwanese_bankruptcy_prediction,class_aware,1,3,1,5,12000,0,46962,2,94,6819,5455,1364,29.994318181818183,704,0.1902213440043851,1.5611426989999018,1.751364043004287,0.9324207988980716,0.0880370289087295
taiwanese_bankruptcy_prediction,uniform,1,3,1,5,12000,0,46962,2,94,6819,5455,1364,29.994318181818183,704,0.1894542570007615,1.5847503770055482,1.7742046340063098,0.9234848484848486,0.0935033559799194
taiwanese_bankruptcy_prediction,class_aware,2,3,1,5,12000,0,46962,2,94,6819,5455,1364,29.994318181818183,704,0.1892659699951764,1.567278255999554,1.7565442259947304,0.931146694214876,0.0912470743060112
taiwanese_bankruptcy_prediction,uniform,2,3,1,5,12000,0,46962,2,94,6819,5455,1364,29.994318181818183,704,0.2030818850034847,1.5655731090009797,1.7686549940044642,0.924672865013774,0.0917606875300407
taiwanese_bankruptcy_prediction,class_aware,3,3,1,5,12000,0,46962,2,94,6819,5455,1364,29.994318181818183,704,0.1900696869997773,1.5745898919994945,1.7646595789992716,0.9208849862258954,0.0944971442222595
taiwanese_bankruptcy_prediction,uniform,3,3,1,5,12000,0,46962,2,94,6819,5455,1364,29.994318181818183,704,0.1898823509982321,1.5688744069993843,1.7587567579976169,0.8883264462809918,0.1070722192525863
taiwanese_bankruptcy_prediction,class_aware,4,3,1,5,12000,0,46962,2,94,6819,5456,1363,30.0,704,0.1905105620026006,1.514085734001128,1.7045962960037286,0.962178647735888,0.0729352459311485
taiwanese_bankruptcy_prediction,uniform,4,3,1,5,12000,0,46962,2,94,6819,5456,1363,30.0,704,0.1897234729985939,1.5946735840043402,1.7843970570029342,0.9484974843200772,0.0885346829891204
taiwanese_bankruptcy_prediction,class_aware,0,5,1,5,12000,0,46962,2,94,6819,5455,1364,29.994318181818183,1056,0.2720909419949748,2.0023535580039606,2.2744444999989355,0.9638601928374656,0.0729807093739509
taiwanese_bankruptcy_prediction,uniform,0,5,1,5,12000,0,46962,2,94,6819,5455,1364,29.994318181818183,1056,0.1915043360058916,1.9525705909982207,2.1440749270041124,0.9450929752066116,0.0827178433537483
taiwanese_bankruptcy_prediction,class_aware,1,5,1,5,12000,0,46962,2,94,6819,5455,1364,29.994318181818183,1056,0.1919402229978004,1.954547313995136,2.146487536992936,0.937741046831956,0.0855539813637733
taiwanese_bankruptcy_prediction,uniform,1,5,1,5,12000,0,46962,2,94,6819,5455,1364,29.994318181818183,1056,0.1917776339978445,1.942465137995896,2.1342427719937405,0.9360881542699724,0.0862379670143127
taiwanese_bankruptcy_prediction,class_aware,2,5,1,5,12000,0,46962,2,94,6819,5455,1364,29.994318181818183,1056,0.1894619180020527,1.9495059679975384,2.138967885999591,0.9384986225895317,0.0863365158438682
taiwanese_bankruptcy_prediction,uniform,2,5,1,5,12000,0,46962,2,94,6819,5455,1364,29.994318181818183,1056,0.1904291159953572,1.971750269003678,2.1621793849990354,0.9318181818181818,0.0889053344726562
taiwanese_bankruptcy_prediction,class_aware,3,5,1,5,12000,0,46962,2,94,6819,5455,1364,29.994318181818183,1056,0.1936770329994033,2.0506769830026315,2.2443540160020348,0.921711432506887,0.0971976220607757
taiwanese_bankruptcy_prediction,uniform,3,5,1,5,12000,0,46962,2,94,6819,5455,1364,29.994318181818183,1056,0.1935944270007894,1.962472416998935,2.1560668439997244,0.8933367768595042,0.1040831059217453
taiwanese_bankruptcy_prediction,class_aware,4,5,1,5,12000,0,46962,2,94,6819,5456,1363,30.0,1056,0.1926127010010532,1.9909321349987288,2.1835448359997827,0.967227238265904,0.0707009434700012
taiwanese_bankruptcy_prediction,uniform,4,5,1,5,12000,0,46962,2,94,6819,5456,1363,30.0,1056,0.1919781489996239,1.966415758994117,2.158393907993741,0.9494451719622304,0.0828346610069274
taiwanese_bankruptcy_prediction,class_aware,0,10,1,5,12000,0,46962,2,94,6819,5455,1364,29.994318181818183,1936,0.2717126999996253,3.1358751000007032,3.407587800000329,0.9609504132231406,0.0735148638486862
taiwanese_bankruptcy_prediction,uniform,0,10,1,5,12000,0,46962,2,94,6819,5455,1364,29.994318181818183,1936,0.1976170589987305,3.0715273909954703,3.269144449994201,0.9536673553719008,0.0759007036685943
taiwanese_bankruptcy_prediction,class_aware,1,10,1,5,12000,0,46962,2,94,6819,5455,1364,29.994318181818183,1936,0.1951533559986273,3.0741683680025744,3.269321724001202,0.9415289256198348,0.0839466601610183
taiwanese_bankruptcy_prediction,uniform,1,10,1,5,12000,0,46962,2,94,6819,5455,1364,29.994318181818183,1936,0.2131552139981067,3.021116878000612,3.2342720919987187,0.9337982093663912,0.0873002484440803
taiwanese_bankruptcy_prediction,class_aware,2,10,1,5,12000,0,46962,2,94,6819,5455,1364,29.994318181818183,1936,0.1956539860038901,3.087139695999213,3.2827936820031027,0.9421143250688706,0.083267293870449
taiwanese_bankruptcy_prediction,uniform,2,10,1,5,12000,0,46962,2,94,6819,5455,1364,29.994318181818183,1936,0.1964642089951667,3.0350414990025456,3.2315057079977123,0.9422520661157026,0.0852085053920745
taiwanese_bankruptcy_prediction,class_aware,3,10,1,5,12000,0,46962,2,94,6819,5455,1364,29.994318181818183,1936,0.1955244179989677,3.0463094290025765,3.241833847001544,0.9227789256198348,0.0993452295660972
taiwanese_bankruptcy_prediction,uniform,3,10,1,5,12000,0,46962,2,94,6819,5455,1364,29.994318181818183,1936,0.1952399840010912,2.976010217003932,3.171250201005023,0.9085227272727272,0.1034635156393051
taiwanese_bankruptcy_prediction,class_aware,4,10,1,5,12000,0,46962,2,94,6819,5456,1363,30.0,1936,0.198424280002655,2.964952670001366,3.1633769500040216,0.9695706113446826,0.06955336779356
taiwanese_bankruptcy_prediction,uniform,4,10,1,5,12000,0,46962,2,94,6819,5456,1363,30.0,1936,0.1945703629971831,3.077690960999462,3.272261323996645,0.9571817492590806,0.0792078673839569
taiwanese_bankruptcy_prediction,class_aware,0,15,1,5,12000,0,46962,2,94,6819,5455,1364,29.994318181818183,2816,0.2707656529964879,4.100511673997971,4.371277326994459,0.962551652892562,0.0735294222831726
taiwanese_bankruptcy_prediction,uniform,0,15,1,5,12000,0,46962,2,94,6819,5455,1364,29.994318181818183,2816,0.1987049870003829,4.033831475004263,4.232536462004646,0.9598829201101928,0.0722266361117363
taiwanese_bankruptcy_prediction,class_aware,1,15,1,5,12000,0,46962,2,94,6819,5455,1364,29.994318181818183,2816,0.1987169310013996,4.057347968999238,4.256064900000638,0.9418560606060606,0.0841861590743064
taiwanese_bankruptcy_prediction,uniform,1,15,1,5,12000,0,46962,2,94,6819,5455,1364,29.994318181818183,2816,0.1987947920060833,4.061693022005784,4.260487814011867,0.931370523415978,0.0889302417635917
taiwanese_bankruptcy_prediction,class_aware,2,15,1,5,12000,0,46962,2,94,6819,5455,1364,29.994318181818183,2816,0.1995206930005224,4.047470215999056,4.246990908999578,0.9445592286501376,0.0817183330655098
taiwanese_bankruptcy_prediction,uniform,2,15,1,5,12000,0,46962,2,94,6819,5455,1364,29.994318181818183,2816,0.1972022589980042,4.021294748999935,4.218497007997939,0.9450757575757576,0.0838929265737533
taiwanese_bankruptcy_prediction,class_aware,3,15,1,5,12000,0,46962,2,94,6819,5455,1364,29.994318181818183,2816,0.1971008230029838,4.036125801001617,4.233226624004601,0.9213326446280992,0.0982951372861862
taiwanese_bankruptcy_prediction,uniform,3,15,1,5,12000,0,46962,2,94,6819,5455,1364,29.994318181818183,2816,0.2046010640042368,4.070211353995546,4.274812417999783,0.912809917355372,0.0991036295890808
taiwanese_bankruptcy_prediction,class_aware,4,15,1,5,12000,0,46962,2,94,6819,5456,1363,30.0,2816,0.1979733659973135,4.068177264001861,4.266150629999174,0.9715176786821972,0.0681638196110725
taiwanese_bankruptcy_prediction,uniform,4,15,1,5,12000,0,46962,2,94,6819,5456,1363,30.0,2816,0.2029660469997907,4.047066330000234,4.250032377000025,0.963712178647736,0.0761113911867141
taiwanese_bankruptcy_prediction,class_aware,0,20,1,5,12000,0,46962,2,94,6819,5455,1364,29.994318181818183,3696,0.2743040009954711,5.443170612001268,5.717474612996739,0.9645316804407712,0.0725117251276969
taiwanese_bankruptcy_prediction,uniform,0,20,1,5,12000,0,46962,2,94,6819,5455,1364,29.994318181818183,3696,0.2025567629971192,5.475612772999739,5.678169535996858,0.9644628099173554,0.0713194385170936
taiwanese_bankruptcy_prediction,class_aware,1,20,1,5,12000,0,46962,2,94,6819,5455,1364,29.994318181818183,3696,0.210586062996299,5.222007340998971,5.43259340399527,0.943818870523416,0.0840080603957176
taiwanese_bankruptcy_prediction,uniform,1,20,1,5,12000,0,46962,2,94,6819,5455,1364,29.994318181818183,3696,0.2062445890041999,5.4129531209982815,5.6191977100024815,0.9363464187327823,0.0883267670869827
taiwanese_bankruptcy_prediction,class_aware,2,20,1,5,12000,0,46962,2,94,6819,5455,1364,29.994318181818183,3696,0.1992117810004856,5.107594796994817,5.306806577995303,0.943388429752066,0.0834663435816764
taiwanese_bankruptcy_prediction,uniform,2,20,1,5,12000,0,46962,2,94,6819,5455,1364,29.994318181818183,3696,0.1996272700052941,5.960736323999299,6.160363594004593,0.9454373278236916,0.082401655614376
taiwanese_bankruptcy_prediction,class_aware,3,20,1,5,12000,0,46962,2,94,6819,5455,1364,29.994318181818183,3696,0.2214373120004893,5.708180734000052,5.929618046000542,0.9238292011019285,0.0987759456038475
taiwanese_bankruptcy_prediction,uniform,3,20,1,5,12000,0,46962,2,94,6819,5455,1364,29.994318181818183,3696,0.2028806609960156,5.5735905619949335,5.776471222990949,0.9151170798898072,0.1023903265595436
taiwanese_bankruptcy_prediction,class_aware,4,20,1,5,12000,0,46962,2,94,6819,5456,1363,30.0,3696,0.2029545309997047,5.312627475002955,5.51558200600266,0.9712592184161556,0.0672191306948661
taiwanese_bankruptcy_prediction,uniform,4,20,1,5,12000,0,46962,2,94,6819,5456,1363,30.0,3696,0.2016568839972023,5.6445651539979735,5.846222037995176,0.9683644634364876,0.070350632071495
taiwanese_bankruptcy_prediction,class_aware,0,30,1,5,12000,0,46962,2,94,6819,5455,1364,29.994318181818183,5455,0.2859339919959893,8.059484217003046,8.345418208999035,0.96806129476584,0.069241814315319
taiwanese_bankruptcy_prediction,class_aware,1,30,1,5,12000,0,46962,2,94,6819,5455,1364,29.994318181818183,5455,0.2090507940010866,8.157121946998814,8.3661727409999,0.944249311294766,0.0840482041239738
taiwanese_bankruptcy_prediction,class_aware,2,30,1,5,12000,0,46962,2,94,6819,5455,1364,29.994318181818183,5455,0.2026061229989864,7.968780529998185,8.171386652997171,0.9462121212121212,0.0813668593764305
taiwanese_bankruptcy_prediction,class_aware,3,30,1,5,12000,0,46962,2,94,6819,5455,1364,29.994318181818183,5455,0.2024486590016749,7.935217928003112,8.137666587004787,0.9261191460055096,0.0972552150487899
taiwanese_bankruptcy_prediction,class_aware,4,30,1,5,12000,0,46962,2,94,6819,5456,1363,30.0,5456,0.2030881910031894,7.9621337890057475,8.165221980008937,0.9711902956785444,0.0667258873581886
taiwanese_bankruptcy_prediction,class_aware,0,none,1,5,12000,0,46962,2,94,6819,5455,1364,29.994318181818183,5455,0.2859339919959893,8.059484217003046,8.345418208999035,0.96806129476584,0.069241814315319
taiwanese_bankruptcy_prediction,class_aware,1,none,1,5,12000,0,46962,2,94,6819,5455,1364,29.994318181818183,5455,0.2090507940010866,8.157121946998814,8.3661727409999,0.944249311294766,0.0840482041239738
taiwanese_bankruptcy_prediction,class_aware,2,none,1,5,12000,0,46962,2,94,6819,5455,1364,29.994318181818183,5455,0.2026061229989864,7.968780529998185,8.171386652997171,0.9462121212121212,0.0813668593764305
taiwanese_bankruptcy_prediction,class_aware,3,none,1,5,12000,0,46962,2,94,6819,5455,1364,29.994318181818183,5455,0.2024486590016749,7.935217928003112,8.137666587004787,0.9261191460055096,0.0972552150487899
taiwanese_bankruptcy_prediction,class_aware,4,none,1,5,12000,0,46962,2,94,6819,5456,1363,30.0,5456,0.2030881910031894,7.9621337890057475,8.165221980008937,0.9711902956785444,0.0667258873581886
taiwanese_bankruptcy_prediction,class_aware,0,1,4,5,12000,0,46962,2,94,6819,5455,1364,29.994318181818183,352,1.095485286998155,5.437059136995231,6.532544423993386,0.9576274104683196,0.075694240629673
taiwanese_bankruptcy_prediction,uniform,0,1,4,5,12000,0,46962,2,94,6819,5455,1364,29.994318181818183,352,1.0916316660004668,5.822295256999496,6.913926922999963,0.9515495867768596,0.0805922523140907
taiwanese_bankruptcy_prediction,class_aware,1,1,4,5,12000,0,46962,2,94,6819,5455,1364,29.994318181818183,352,1.079258703997766,5.646865202004847,6.726123906002613,0.9388601928374656,0.0861954912543296
taiwanese_bankruptcy_prediction,uniform,1,1,4,5,12000,0,46962,2,94,6819,5455,1364,29.994318181818183,352,1.1017540270040629,5.648880293003458,6.750634320007521,0.9352100550964186,0.0890381410717964
taiwanese_bankruptcy_prediction,class_aware,2,1,4,5,12000,0,46962,2,94,6819,5455,1364,29.994318181818183,352,1.0838547560051666,5.637361182001769,6.721215938006935,0.9355544077134986,0.0906736478209495
taiwanese_bankruptcy_prediction,uniform,2,1,4,5,12000,0,46962,2,94,6819,5455,1364,29.994318181818183,352,1.092692118996638,5.708388635001029,6.801080753997667,0.9299070247933884,0.0938061997294426
taiwanese_bankruptcy_prediction,class_aware,3,1,4,5,12000,0,46962,2,94,6819,5455,1364,29.994318181818183,352,1.1084651179990033,5.596981431997847,6.70544654999685,0.9134814049586776,0.1132204160094261
taiwanese_bankruptcy_prediction,uniform,3,1,4,5,12000,0,46962,2,94,6819,5455,1364,29.994318181818183,352,1.0663797939996584,5.6273614750025445,6.693741269002203,0.9016701101928376,0.1027422696352005
taiwanese_bankruptcy_prediction,class_aware,4,1,4,5,12000,0,46962,2,94,6819,5456,1363,30.0,352,1.077012340996589,5.591989653003111,6.6690019939997,0.9681576952236544,0.0682938396930694
taiwanese_bankruptcy_prediction,uniform,4,1,4,5,12000,0,46962,2,94,6819,5456,1363,30.0,352,1.175839844996517,5.571870375002618,6.747710219999135,0.9634192570128886,0.0775074511766433
taiwanese_bankruptcy_prediction,class_aware,0,3,4,5,12000,0,46962,2,94,6819,5455,1364,29.994318181818183,704,1.168281409998599,6.87350833399978,8.041789743998379,0.9648932506887052,0.0725312232971191
taiwanese_bankruptcy_prediction,uniform,0,3,4,5,12000,0,46962,2,94,6819,5455,1364,29.994318181818183,704,1.1593219880014658,7.255796559998998,8.415118548000464,0.9539944903581268,0.0779874473810195
taiwanese_bankruptcy_prediction,class_aware,1,3,4,5,12000,0,46962,2,94,6819,5455,1364,29.994318181818183,704,1.179712876000849,6.737553578001098,7.917266454001947,0.9375,0.0871045365929603
taiwanese_bankruptcy_prediction,uniform,1,3,4,5,12000,0,46962,2,94,6819,5455,1364,29.994318181818183,704,1.1516981629974907,6.7242488080009934,7.875946970998484,0.9384641873278236,0.0870603024959564
taiwanese_bankruptcy_prediction,class_aware,2,3,4,5,12000,0,46962,2,94,6819,5455,1364,29.994318181818183,704,1.187098836999212,6.69046275299479,7.877561589994002,0.938033746556474,0.0882096961140632
taiwanese_bankruptcy_prediction,uniform,2,3,4,5,12000,0,46962,2,94,6819,5455,1364,29.994318181818183,704,1.1694116840008064,7.75005773200246,8.919469416003267,0.937000688705234,0.088425725698471
taiwanese_bankruptcy_prediction,class_aware,3,3,4,5,12000,0,46962,2,94,6819,5455,1364,29.994318181818183,704,1.3541177959996276,9.021611215997837,10.375729011997464,0.9222796143250688,0.0960129797458648
taiwanese_bankruptcy_prediction,uniform,3,3,4,5,12000,0,46962,2,94,6819,5455,1364,29.994318181818183,704,1.3893153509998228,8.165917216996604,9.555232567996429,0.9144111570247934,0.0969279557466507
taiwanese_bankruptcy_prediction,class_aware,4,3,4,5,12000,0,46962,2,94,6819,5456,1363,30.0,704,1.3393483820036636,8.843209533995832,10.182557915999496,0.9698290716107244,0.0675099045038223
taiwanese_bankruptcy_prediction,uniform,4,3,4,5,12000,0,46962,2,94,6819,5456,1363,30.0,704,1.375989624997601,8.668236399003945,10.044226024001546,0.9639017161761664,0.0778177604079246
taiwanese_bankruptcy_prediction,class_aware,0,5,4,5,12000,0,46962,2,94,6819,5455,1364,29.994318181818183,1056,1.4703383339947322,9.58389354699466,11.054231880989391,0.9674242424242424,0.0707716345787048
taiwanese_bankruptcy_prediction,uniform,0,5,4,5,12000,0,46962,2,94,6819,5455,1364,29.994318181818183,1056,1.2989135210009408,9.43470738400356,10.7336209050045,0.9535984848484848,0.0783374086022377
taiwanese_bankruptcy_prediction,class_aware,1,5,4,5,12000,0,46962,2,94,6819,5455,1364,29.994318181818183,1056,1.3719320629970753,9.965668710996397,11.337600773993472,0.940426997245179,0.084830455482006
taiwanese_bankruptcy_prediction,uniform,1,5,4,5,12000,0,46962,2,94,6819,5455,1364,29.994318181818183,1056,1.3696506109990878,10.69511638500262,12.064766996001708,0.9362431129476584,0.0876635462045669
taiwanese_bankruptcy_prediction,class_aware,2,5,4,5,12000,0,46962,2,94,6819,5455,1364,29.994318181818183,1056,1.4134659669944083,10.380731749995904,11.794197716990311,0.9397899449035814,0.0854986906051635
taiwanese_bankruptcy_prediction,uniform,2,5,4,5,12000,0,46962,2,94,6819,5455,1364,29.994318181818183,1056,1.369783317000838,10.030000183003722,11.39978350000456,0.9400482093663912,0.0873515903949737
taiwanese_bankruptcy_prediction,class_aware,3,5,4,5,12000,0,46962,2,94,6819,5455,1364,29.994318181818183,1056,1.3906796680021216,10.291603421996117,11.682283089998236,0.9207128099173554,0.0973155796527862
taiwanese_bankruptcy_prediction,uniform,3,5,4,5,12000,0,46962,2,94,6819,5455,1364,29.994318181818183,1056,1.4167505869991146,10.108802296002978,11.525552883002092,0.9211604683195592,0.0929630622267723
taiwanese_bankruptcy_prediction,class_aware,4,5,4,5,12000,0,46962,2,94,6819,5456,1363,30.0,1056,1.3121962869990966,9.582556794004631,10.894753081003728,0.9716555241574196,0.0660258457064628
taiwanese_bankruptcy_prediction,uniform,4,5,4,5,12000,0,46962,2,94,6819,5456,1363,30.0,1056,1.372237909003161,9.080419445999723,10.452657355002884,0.963626025225722,0.078230582177639
taiwanese_bankruptcy_prediction,class_aware,0,10,4,5,12000,0,46962,2,94,6819,5455,1364,29.994318181818183,1936,1.4124884319971898,14.034867720001785,15.447356151998974,0.9670454545454544,0.0706520825624466
taiwanese_bankruptcy_prediction,uniform,0,10,4,5,12000,0,46962,2,94,6819,5455,1364,29.994318181818183,1936,1.335210161996656,13.419276927001192,14.754487088997848,0.9607265840220384,0.0745902135968208
taiwanese_bankruptcy_prediction,class_aware,1,10,4,5,12000,0,46962,2,94,6819,5455,1364,29.994318181818183,1936,1.3906297580033424,13.115651924999838,14.50628168300318,0.9413223140495868,0.0842511728405952
taiwanese_bankruptcy_prediction,uniform,1,10,4,5,12000,0,46962,2,94,6819,5455,1364,29.994318181818183,1936,1.3624224930026685,12.986459182000544,14.348881675003213,0.937534435261708,0.0865847244858741
taiwanese_bankruptcy_prediction,class_aware,2,10,4,5,12000,0,46962,2,94,6819,5455,1364,29.994318181818183,1936,1.326329201001499,13.079747399002372,14.406076600003871,0.9418216253443528,0.0836620926856994
taiwanese_bankruptcy_prediction,uniform,2,10,4,5,12000,0,46962,2,94,6819,5455,1364,29.994318181818183,1936,1.3330497390052187,13.100731011996686,14.433780751001905,0.9455061983471074,0.0846949443221092
taiwanese_bankruptcy_prediction,class_aware,3,10,4,5,12000,0,46962,2,94,6819,5455,1364,29.994318181818183,1936,1.374041777002276,13.833909578002933,15.207951355005209,0.9241391184573003,0.0967892035841941
taiwanese_bankruptcy_prediction,uniform,3,10,4,5,12000,0,46962,2,94,6819,5455,1364,29.994318181818183,1936,1.3834550909959944,12.961340894995374,14.344795985991368,0.9196797520661156,0.0948606058955192
taiwanese_bankruptcy_prediction,class_aware,4,10,4,5,12000,0,46962,2,94,6819,5456,1363,30.0,1936,1.3121800719964083,12.51773596199928,13.829916033995689,0.9712764491005584,0.0664789304137229
taiwanese_bankruptcy_prediction,uniform,4,10,4,5,12000,0,46962,2,94,6819,5456,1363,30.0,1936,1.3212203410002985,12.490664167999055,13.811884508999356,0.9669343166310566,0.0735354349017143
taiwanese_bankruptcy_prediction,class_aware,0,15,4,5,12000,0,46962,2,94,6819,5455,1364,29.994318181818183,2816,1.477081573997566,18.017918741003086,19.49500031500065,0.9667699724517906,0.0703331008553505
taiwanese_bankruptcy_prediction,uniform,0,15,4,5,12000,0,46962,2,94,6819,5455,1364,29.994318181818183,2816,1.4237606939932448,16.988371642997663,18.412132336990908,0.9637568870523416,0.0721606835722923
taiwanese_bankruptcy_prediction,class_aware,1,15,4,5,12000,0,46962,2,94,6819,5455,1364,29.994318181818183,2816,1.4248211049998645,16.854343191000225,18.27916429600009,0.9439738292011018,0.0831796750426292
taiwanese_bankruptcy_prediction,uniform,1,15,4,5,12000,0,46962,2,94,6819,5455,1364,29.994318181818183,2816,1.4172992919993703,17.08354523199523,18.5008445239946,0.9398243801652892,0.0846065729856491
taiwanese_bankruptcy_prediction,class_aware,2,15,4,5,12000,0,46962,2,94,6819,5455,1364,29.994318181818183,2816,1.4085251790020266,16.87373405699327,18.28225923599529,0.9426480716253444,0.0831484049558639
taiwanese_bankruptcy_prediction,uniform,2,15,4,5,12000,0,46962,2,94,6819,5455,1364,29.994318181818183,2816,1.4375639039935777,16.946742371001164,18.384306274994746,0.9474345730027548,0.0823434963822364
taiwanese_bankruptcy_prediction,class_aware,3,15,4,5,12000,0,46962,2,94,6819,5455,1364,29.994318181818183,2816,1.403958639006305,17.113407835000544,18.51736647400685,0.924552341597796,0.0963635966181755
taiwanese_bankruptcy_prediction,uniform,3,15,4,5,12000,0,46962,2,94,6819,5455,1364,29.994318181818183,2816,1.4285840050069964,16.91912526300439,18.347709268011386,0.9229855371900826,0.0934477522969245
taiwanese_bankruptcy_prediction,class_aware,4,15,4,5,12000,0,46962,2,94,6819,5456,1363,30.0,2816,1.4117771870005529,17.398093914001947,18.8098711010025,0.9709318354125026,0.0673412010073661
taiwanese_bankruptcy_prediction,uniform,4,15,4,5,12000,0,46962,2,94,6819,5456,1363,30.0,2816,1.528546510002343,20.23050856999908,21.759055080001417,0.966262319939348,0.0732711181044578
taiwanese_bankruptcy_prediction,class_aware,0,20,4,5,12000,0,46962,2,94,6819,5455,1364,29.994318181818183,3696,1.6459320180001669,23.87069425100344,25.51662626900361,0.9668216253443528,0.0708083659410476
taiwanese_bankruptcy_prediction,uniform,0,20,4,5,12000,0,46962,2,94,6819,5455,1364,29.994318181818183,3696,1.5858493050036486,23.56009965999692,25.14594896500057,0.965513085399449,0.0708759129047393
taiwanese_bankruptcy_prediction,class_aware,1,20,4,5,12000,0,46962,2,94,6819,5455,1364,29.994318181818183,3696,1.532308556001226,22.904931280005258,24.437239836006484,0.9430957300275482,0.083278477191925
taiwanese_bankruptcy_prediction,uniform,1,20,4,5,12000,0,46962,2,94,6819,5455,1364,29.994318181818183,3696,1.5521700309982407,23.171000172005733,24.72317020300397,0.9402720385674932,0.0850282460451126
taiwanese_bankruptcy_prediction,class_aware,2,20,4,5,12000,0,46962,2,94,6819,5455,1364,29.994318181818183,3696,1.601327839998703,23.15297742899565,24.75430526899436,0.9430268595041322,0.0827513113617897
taiwanese_bankruptcy_prediction,uniform,2,20,4,5,12000,0,46962,2,94,6819,5455,1364,29.994318181818183,3696,1.5350508190022083,21.92372985399561,23.45878067299782,0.9476067493112948,0.0822030380368232
taiwanese_bankruptcy_prediction,class_aware,3,20,4,5,12000,0,46962,2,94,6819,5455,1364,29.994318181818183,3696,1.511516234000737,21.669448182998167,23.180964416998904,0.924982782369146,0.0969422310590744
taiwanese_bankruptcy_prediction,uniform,3,20,4,5,12000,0,46962,2,94,6819,5455,1364,29.994318181818183,3696,1.517333791998681,21.88602643099876,23.403360222997435,0.9223140495867768,0.0959053710103035
taiwanese_bankruptcy_prediction,class_aware,4,20,4,5,12000,0,46962,2,94,6819,5456,1363,30.0,3696,1.5007245279994097,21.737744389,23.23846891699941,0.9708629126748916,0.0679960623383522
taiwanese_bankruptcy_prediction,uniform,4,20,4,5,12000,0,46962,2,94,6819,5456,1363,30.0,3696,1.4928002910019131,22.586699984000006,24.07950027500192,0.9696912261355022,0.0705795213580131
taiwanese_bankruptcy_prediction,class_aware,0,30,4,5,12000,0,46962,2,94,6819,5455,1364,29.994318181818183,5455,1.009264644999348,33.200882313001784,34.21014695800113,0.9671659779614326,0.0708064287900924
taiwanese_bankruptcy_prediction,class_aware,1,30,4,5,12000,0,46962,2,94,6819,5455,1364,29.994318181818183,5455,0.9237513749976642,33.424423851996835,34.3481752269945,0.9418560606060606,0.0845666006207466
taiwanese_bankruptcy_prediction,class_aware,2,30,4,5,12000,0,46962,2,94,6819,5455,1364,29.994318181818183,5455,0.93340077099856,34.81695592300093,35.75035669399949,0.943422865013774,0.0832715556025505
taiwanese_bankruptcy_prediction,class_aware,3,30,4,5,12000,0,46962,2,94,6819,5455,1364,29.994318181818183,5455,0.9490491899996414,33.18292560300324,34.13197479300288,0.9255681818181818,0.0969799160957336
taiwanese_bankruptcy_prediction,class_aware,4,30,4,5,12000,0,46962,2,94,6819,5456,1363,30.0,5456,0.91007377999631,32.814332142996136,33.724405922992446,0.972017368529878,0.0677130967378616
taiwanese_bankruptcy_prediction,class_aware,0,none,4,5,12000,0,46962,2,94,6819,5455,1364,29.994318181818183,5455,1.009264644999348,33.200882313001784,34.21014695800113,0.9671659779614326,0.0708064287900924
taiwanese_bankruptcy_prediction,class_aware,1,none,4,5,12000,0,46962,2,94,6819,5455,1364,29.994318181818183,5455,0.9237513749976642,33.424423851996835,34.3481752269945,0.9418560606060606,0.0845666006207466
taiwanese_bankruptcy_prediction,class_aware,2,none,4,5,12000,0,46962,2,94,6819,5455,1364,29.994318181818183,5455,0.93340077099856,34.81695592300093,35.75035669399949,0.943422865013774,0.0832715556025505
taiwanese_bankruptcy_prediction,class_aware,3,none,4,5,12000,0,46962,2,94,6819,5455,1364,29.994318181818183,5455,0.9490491899996414,33.18292560300324,34.13197479300288,0.9255681818181818,0.0969799160957336
taiwanese_bankruptcy_prediction,class_aware,4,none,4,5,12000,0,46962,2,94,6819,5456,1363,30.0,5456,0.91007377999631,32.814332142996136,33.724405922992446,0.972017368529878,0.0677130967378616
taiwanese_bankruptcy_prediction,class_aware,0,1,8,5,12000,0,46962,2,94,6819,5455,1364,29.994318181818183,352,2.057780652001384,12.274695514002817,14.3324761660042,0.9640323691460057,0.0725836530327797
taiwanese_bankruptcy_prediction,uniform,0,1,8,5,12000,0,46962,2,94,6819,5455,1364,29.994318181818183,352,2.01012514699687,12.641453308002385,14.651578454999251,0.9472279614325068,0.0812462046742439
taiwanese_bankruptcy_prediction,class_aware,1,1,8,5,12000,0,46962,2,94,6819,5455,1364,29.994318181818183,352,2.0345183440003893,12.236535688003642,14.27105403200403,0.9391012396694216,0.085337296128273
taiwanese_bankruptcy_prediction,uniform,1,1,8,5,12000,0,46962,2,94,6819,5455,1364,29.994318181818183,352,2.005228613001236,12.19656680499611,14.201795417997346,0.9357954545454544,0.0886691510677337
taiwanese_bankruptcy_prediction,class_aware,2,1,8,5,12000,0,46962,2,94,6819,5455,1364,29.994318181818183,352,2.070034716001828,12.212701773001754,14.282736489003582,0.9358298898071624,0.0888294577598571
taiwanese_bankruptcy_prediction,uniform,2,1,8,5,12000,0,46962,2,94,6819,5455,1364,29.994318181818183,352,1.972223428005236,12.811938077000375,14.784161505005612,0.9299586776859504,0.0926203206181526
taiwanese_bankruptcy_prediction,class_aware,3,1,8,5,12000,0,46962,2,94,6819,5455,1364,29.994318181818183,352,2.0213202980012284,12.957124449996629,14.978444747997855,0.9160812672176308,0.1102745309472084
taiwanese_bankruptcy_prediction,uniform,3,1,8,5,12000,0,46962,2,94,6819,5455,1364,29.994318181818183,352,2.0314696800051024,12.598172126003192,14.629641806008294,0.9076101928374656,0.102628968656063
taiwanese_bankruptcy_prediction,class_aware,4,1,8,5,12000,0,46962,2,94,6819,5456,1363,30.0,352,2.0516166870002053,13.596371781000926,15.647988468001133,0.9667103177338204,0.0692591369152069
taiwanese_bankruptcy_prediction,uniform,4,1,8,5,12000,0,46962,2,94,6819,5456,1363,30.0,352,2.197105813997041,12.215071502992942,14.412177316989984,0.9637638707009442,0.0800571590662002
taiwanese_bankruptcy_prediction,class_aware,0,3,8,5,12000,0,46962,2,94,6819,5455,1364,29.994318181818183,704,2.141516208997928,14.200156890998189,16.341673099996115,0.9662534435261708,0.0709988176822662
taiwanese_bankruptcy_prediction,uniform,0,3,8,5,12000,0,46962,2,94,6819,5455,1364,29.994318181818183,704,2.1352397829978145,15.16458739999507,17.299827182992885,0.9523932506887052,0.0783651769161224
taiwanese_bankruptcy_prediction,class_aware,1,3,8,5,12000,0,46962,2,94,6819,5455,1364,29.994318181818183,704,2.148116146003304,14.109754776000043,16.25787092200335,0.9393939393939392,0.0857860520482063
taiwanese_bankruptcy_prediction,uniform,1,3,8,5,12000,0,46962,2,94,6819,5455,1364,29.994318181818183,704,2.135654240002623,13.992748057004064,16.128402297006687,0.9381026170798898,0.0865744948387146
taiwanese_bankruptcy_prediction,class_aware,2,3,8,5,12000,0,46962,2,94,6819,5455,1364,29.994318181818183,704,2.133921826003643,14.763783362999677,16.897705189003318,0.9383092286501378,0.0866716429591178
taiwanese_bankruptcy_prediction,uniform,2,3,8,5,12000,0,46962,2,94,6819,5455,1364,29.994318181818183,704,2.141968060997897,14.939484417998756,17.081452478996653,0.9342803030303032,0.0885970517992973
taiwanese_bankruptcy_prediction,class_aware,3,3,8,5,12000,0,46962,2,94,6819,5455,1364,29.994318181818183,704,2.1505537269986235,15.078168743006245,17.22872247000487,0.9199207988980715,0.1002314835786819
taiwanese_bankruptcy_prediction,uniform,3,3,8,5,12000,0,46962,2,94,6819,5455,1364,29.994318181818183,704,2.1001799119985662,15.16243440099788,17.262614312996448,0.9171659779614324,0.0962080433964729
taiwanese_bankruptcy_prediction,class_aware,4,3,8,5,12000,0,46962,2,94,6819,5456,1363,30.0,704,2.117815662000794,14.93702709399804,17.054842755998834,0.9685712316493212,0.0684667900204658
taiwanese_bankruptcy_prediction,uniform,4,3,8,5,12000,0,46962,2,94,6819,5456,1363,30.0,704,2.1922081439988688,13.910885049997889,16.103093193996756,0.9643152526018334,0.07730732858181
taiwanese_bankruptcy_prediction,class_aware,0,5,8,5,12000,0,46962,2,94,6819,5455,1364,29.994318181818183,1056,2.2444257399984053,16.96921049199591,19.213636231994315,0.9669593663911846,0.0706555396318435
taiwanese_bankruptcy_prediction,uniform,0,5,8,5,12000,0,46962,2,94,6819,5455,1364,29.994318181818183,1056,2.2283566359983524,17.95554072700179,20.183897363000145,0.9541150137741048,0.0779132694005966
taiwanese_bankruptcy_prediction,class_aware,1,5,8,5,12000,0,46962,2,94,6819,5455,1364,29.994318181818183,1056,2.244151705002878,16.78372773999581,19.02787944499869,0.9422865013774104,0.083778403699398
taiwanese_bankruptcy_prediction,uniform,1,5,8,5,12000,0,46962,2,94,6819,5455,1364,29.994318181818183,1056,2.285442217995296,18.37798810700042,20.66343032499572,0.938068181818182,0.086682379245758
taiwanese_bankruptcy_prediction,class_aware,2,5,8,5,12000,0,46962,2,94,6819,5455,1364,29.994318181818183,1056,2.2479002960026264,18.31730474800133,20.56520504400396,0.9397382920110192,0.0848792493343353
taiwanese_bankruptcy_prediction,uniform,2,5,8,5,12000,0,46962,2,94,6819,5455,1364,29.994318181818183,1056,2.2242140810049023,17.969723248002992,20.19393732900789,0.937689393939394,0.0873963013291359
taiwanese_bankruptcy_prediction,class_aware,3,5,8,5,12000,0,46962,2,94,6819,5455,1364,29.994318181818183,1056,2.2546080140018603,18.02090567599953,20.27551369000139,0.9196625344352616,0.0994812175631523
taiwanese_bankruptcy_prediction,uniform,3,5,8,5,12000,0,46962,2,94,6819,5455,1364,29.994318181818183,1056,2.249281368000084,18.35921494500508,20.60849631300516,0.9203168044077136,0.0944855287671089
taiwanese_bankruptcy_prediction,class_aware,4,5,8,5,12000,0,46962,2,94,6819,5456,1363,30.0,1056,2.225344276004762,21.53759481300221,23.762939089006977,0.9692604590254326,0.0678587034344673
taiwanese_bankruptcy_prediction,uniform,4,5,8,5,12000,0,46962,2,94,6819,5456,1363,30.0,1056,2.53630195200094,22.755995519000862,25.2922974710018,0.9647115583430974,0.0764181613922119
taiwanese_bankruptcy_prediction,class_aware,0,10,8,5,12000,0,46962,2,94,6819,5455,1364,29.994318181818183,1936,2.5695053529998404,29.431476826997823,32.00098217999766,0.9675447658402204,0.0702986270189285
taiwanese_bankruptcy_prediction,uniform,0,10,8,5,12000,0,46962,2,94,6819,5455,1364,29.994318181818183,1936,2.6404628599993885,30.60366934500053,33.244132204999914,0.9592114325068872,0.0753082185983657
taiwanese_bankruptcy_prediction,class_aware,1,10,8,5,12000,0,46962,2,94,6819,5455,1364,29.994318181818183,1936,2.546016660002352,29.1215470850002,31.66756374500256,0.9425619834710744,0.0831470862030983
taiwanese_bankruptcy_prediction,uniform,1,10,8,5,12000,0,46962,2,94,6819,5455,1364,29.994318181818183,1936,2.5500546689945622,25.96012285799952,28.510177526994084,0.940754132231405,0.0857635363936424
taiwanese_bankruptcy_prediction,class_aware,2,10,8,5,12000,0,46962,2,94,6819,5455,1364,29.994318181818183,1936,2.4935827879962744,28.02580116399622,30.51938395199249,0.9420282369146006,0.0835925042629242
taiwanese_bankruptcy_prediction,uniform,2,10,8,5,12000,0,46962,2,94,6819,5455,1364,29.994318181818183,1936,2.4540659699996468,25.68649110499973,28.14055707499938,0.9422004132231404,0.0846724212169647
taiwanese_bankruptcy_prediction,class_aware,3,10,8,5,12000,0,46962,2,94,6819,5455,1364,29.994318181818183,1936,2.531579389004037,28.849440574005712,31.38101996300975,0.9232782369146004,0.0972905308008194
taiwanese_bankruptcy_prediction,uniform,3,10,8,5,12000,0,46962,2,94,6819,5455,1364,29.994318181818183,1936,2.4343651739982306,28.0828283439987,30.51719351799693,0.9194731404958678,0.0963393598794937
taiwanese_bankruptcy_prediction,class_aware,4,10,8,5,12000,0,46962,2,94,6819,5456,1363,30.0,1936,2.47398392699688,28.35177075699903,30.82575468399591,0.970001378454752,0.0675333514809608
taiwanese_bankruptcy_prediction,uniform,4,10,8,5,12000,0,46962,2,94,6819,5456,1363,30.0,1936,2.78119128599792,27.305754036002327,30.086945322000247,0.96546970845682,0.0730444490909576
coil2000_insurance_policies,class_aware,1,1,1,5,12000,0,46916,2,85,9822,7857,1965,15.788461538461538,936,0.2565904279981623,2.5646552719990723,2.821245699997234,0.7358887063768089,0.2065907418727874
coil2000_insurance_policies,uniform,1,1,1,5,12000,0,46916,2,85,9822,7857,1965,15.788461538461538,936,0.2249563509976724,2.3266419889987446,2.551598339996417,0.6900333110036432,0.2209021002054214
coil2000_insurance_policies,class_aware,0,1,1,5,12000,0,46916,2,85,9822,7857,1965,15.75266524520256,938,0.2014022969960933,2.5171132019968354,2.7185154989929288,0.7554991304991305,0.2017298191785812
coil2000_insurance_policies,uniform,0,1,1,5,12000,0,46916,2,85,9822,7857,1965,15.75266524520256,938,0.3064714020001702,2.5541245010026614,2.860595903002832,0.7223517223517223,0.2095275968313217
coil2000_insurance_policies,class_aware,2,1,1,5,12000,0,46916,2,85,9822,7858,1964,15.754797441364603,938,0.2038127180057927,2.5586509339991608,2.762463652004953,0.749936371755538,0.2031564563512802
coil2000_insurance_policies,uniform,2,1,1,5,12000,0,46916,2,85,9822,7858,1964,15.754797441364603,938,0.2022198039994691,2.5592056610039435,2.7614254650034127,0.691014303629355,0.2133986800909042
coil2000_insurance_policies,class_aware,3,1,1,5,12000,0,46916,2,85,9822,7858,1964,15.754797441364603,938,0.2061513040025602,2.5471077879992663,2.7532590920018265,0.7560539382412691,0.2015355080366134
coil2000_insurance_policies,uniform,3,1,1,5,12000,0,46916,2,85,9822,7858,1964,15.754797441364603,938,0.2042419409990543,2.5693232390040066,2.773565180003061,0.7184600576587583,0.2110278010368347
coil2000_insurance_policies,class_aware,4,1,1,5,12000,0,46916,2,85,9822,7858,1964,15.754797441364603,938,0.2017960599987418,2.548625556002662,2.750421616001404,0.7682404823715057,0.1980910003185272
coil2000_insurance_policies,uniform,4,1,1,5,12000,0,46916,2,85,9822,7858,1964,15.754797441364603,938,0.20249169300223,2.5754743540019263,2.7779660470041563,0.7135664672210422,0.2113435715436935
APSFailure,class_aware,3,1,1,5,12000,0,46908,2,170,12000,9600,2400,54.49132947976879,346,0.2248586319983587,4.039187155001855,4.264045787000214,0.976501003241241,0.0468739531934261
APSFailure,uniform,3,1,1,5,12000,0,46908,2,170,12000,9600,2400,54.49132947976879,346,0.2260470920009538,3.877992981993884,4.104040073994838,0.9733272881617534,0.0441202595829963
APSFailure,class_aware,4,1,1,5,12000,0,46908,2,170,12000,9600,2400,54.49132947976879,346,0.3489686050015734,4.19381865500327,4.542787260004843,0.99045956166075,0.0281768664717674
APSFailure,uniform,4,1,1,5,12000,0,46908,2,170,12000,9600,2400,54.49132947976879,346,0.2261108789971331,4.100912274996517,4.32702315399365,0.9869096311159128,0.0383892841637134
APSFailure,class_aware,0,1,1,5,12000,0,46908,2,170,12000,9600,2400,54.172413793103445,348,0.2233348809968447,4.202147417003289,4.425482298000134,0.9910410356089236,0.0434644557535648
APSFailure,uniform,0,1,1,5,12000,0,46908,2,170,12000,9600,2400,54.172413793103445,348,0.2205640639949706,4.14243934899423,4.363003412989201,0.9894524967686557,0.0317906253039836
APSFailure,class_aware,1,1,1,5,12000,0,46908,2,170,12000,9600,2400,54.172413793103445,348,0.2241798280010698,4.157102315002703,4.381282143003773,0.9824570058509536,0.0382288359105587
APSFailure,uniform,1,1,1,5,12000,0,46908,2,170,12000,9600,2400,54.172413793103445,348,0.2212307200024952,4.206601840000076,4.427832560002571,0.987153555465659,0.0334968194365501
APSFailure,class_aware,2,1,1,5,12000,0,46908,2,170,12000,9600,2400,54.172413793103445,348,0.2309314200028893,4.224386814996251,4.45531823499914,0.992609841047449,0.0292862821370363
APSFailure,uniform,2,1,1,5,12000,0,46908,2,170,12000,9600,2400,54.172413793103445,348,0.2210162740011583,4.223453225000412,4.4444694990015705,0.9911989028228632,0.0361400172114372
kddcup09_appetency,class_aware,1,1,1,5,12000,0,46939,2,212,12000,9600,2400,55.14035087719298,342,0.395672270002251,5.002046410998446,5.397718681000697,0.8059811940681394,0.0795327425003051
kddcup09_appetency,uniform,1,1,1,5,12000,0,46939,2,212,12000,9600,2400,55.14035087719298,342,0.4771350890005124,4.482009150997328,4.9591442399978405,0.6777732829473808,0.0950104519724845
kddcup09_appetency,class_aware,2,1,1,5,12000,0,46939,2,212,12000,9600,2400,55.14035087719298,342,0.3981723169999895,4.9394873840064975,5.337659701006487,0.7935590176712612,0.0861613452434539
kddcup09_appetency,uniform,2,1,1,5,12000,0,46939,2,212,12000,9600,2400,55.14035087719298,342,0.4069896149958367,5.005360557996028,5.412350172991864,0.5887855077897604,0.0928052589297294
kddcup09_appetency,class_aware,3,1,1,5,12000,0,46939,2,212,12000,9600,2400,55.14035087719298,342,0.3944275469984859,4.967906142999709,5.362333689998195,0.8133022861145919,0.0762521848082542
kddcup09_appetency,uniform,3,1,1,5,12000,0,46939,2,212,12000,9600,2400,55.14035087719298,342,0.3950112800011993,5.011396644993511,5.40640792499471,0.6655287071661848,0.0907136127352714
kddcup09_appetency,class_aware,4,1,1,5,12000,0,46939,2,212,12000,9600,2400,55.14035087719298,342,0.4000406440027291,5.004512338004133,5.404552982006862,0.8554429655356139,0.0728231444954872
kddcup09_appetency,uniform,4,1,1,5,12000,0,46939,2,212,12000,9600,2400,55.14035087719298,342,0.4047499680018518,4.948335917004442,5.353085885006294,0.5518939132322326,0.123144507408142
kddcup09_appetency,class_aware,0,1,1,5,12000,0,46939,2,212,12000,9600,2400,54.81395348837209,344,0.4813554369975463,4.8967126839997945,5.378068120997341,0.805908962397512,0.0799062177538871
kddcup09_appetency,uniform,0,1,1,5,12000,0,46939,2,212,12000,9600,2400,54.81395348837209,344,0.3936143949977122,4.968485905003035,5.362100300000748,0.695242134173432,0.0910737067461013
coil2000_insurance_policies,class_aware,1,1,4,5,12000,0,46916,2,85,9822,7857,1965,15.788461538461538,936,1.088061538997863,10.131945893001102,11.220007431998964,0.7603075991300597,0.2034185826778412
coil2000_insurance_policies,uniform,1,1,4,5,12000,0,46916,2,85,9822,7857,1965,15.788461538461538,936,1.0960621050035115,10.476421502993617,11.572483607997128,0.7202334523230527,0.2137850522994995
coil2000_insurance_policies,class_aware,0,1,4,5,12000,0,46916,2,85,9822,7857,1965,15.75266524520256,938,1.0643714300022111,10.089416089002045,11.153787519004254,0.7785455285455286,0.1968424171209335
coil2000_insurance_policies,uniform,0,1,4,5,12000,0,46916,2,85,9822,7857,1965,15.75266524520256,938,1.1026669220009353,9.705898304993752,10.808565226994688,0.7578070078070078,0.2028685212135315
coil2000_insurance_policies,class_aware,2,1,4,5,12000,0,46916,2,85,9822,7858,1964,15.754797441364603,938,1.0412601249990985,10.72249503799685,11.763755162995947,0.7508711285105438,0.2035524696111679
coil2000_insurance_policies,uniform,2,1,4,5,12000,0,46916,2,85,9822,7858,1964,15.754797441364603,938,1.1574655220028944,11.870271726998908,13.027737249001802,0.7030550812359151,0.2140020877122879
coil2000_insurance_policies,class_aware,3,1,4,5,12000,0,46916,2,85,9822,7858,1964,15.754797441364603,938,1.1529337820029468,11.302050521000638,12.454984303003585,0.7608156446813729,0.2001488655805587
coil2000_insurance_policies,uniform,3,1,4,5,12000,0,46916,2,85,9822,7858,1964,15.754797441364603,938,1.164389386001858,11.177802143000008,12.342191529001866,0.7421968634746112,0.2047595381736755
coil2000_insurance_policies,class_aware,4,1,4,5,12000,0,46916,2,85,9822,7858,1964,15.754797441364603,938,1.078925326000899,10.982950435005478,12.061875761006377,0.7754131208381343,0.1960342824459076
coil2000_insurance_policies,uniform,4,1,4,5,12000,0,46916,2,85,9822,7858,1964,15.754797441364603,938,1.2806930299993835,10.690281622002658,11.970974652002042,0.7476110486397438,0.2029593586921692
kddcup09_appetency,class_aware,1,3,1,5,12000,0,46939,2,212,12000,9600,2400,55.14035087719298,684,0.4160091259982437,5.983956049996777,6.399965175995021,0.8046886562540083,0.0784382000565528
kddcup09_appetency,uniform,1,3,1,5,12000,0,46939,2,212,12000,9600,2400,55.14035087719298,684,0.4735795800006599,6.090572607005015,6.564152187005675,0.6793223549841639,0.0977553352713584
kddcup09_appetency,class_aware,2,3,1,5,12000,0,46939,2,212,12000,9600,2400,55.14035087719298,684,0.421535697998479,6.105255334994581,6.52679103299306,0.8045998559461672,0.0795295685529708
kddcup09_appetency,uniform,2,3,1,5,12000,0,46939,2,212,12000,9600,2400,55.14035087719298,684,0.4335975689973566,5.860156795999501,6.2937543649968575,0.6657556412862231,0.0881377682089805
kddcup09_appetency,class_aware,3,3,1,5,12000,0,46939,2,212,12000,9600,2400,55.14035087719298,684,0.4256297730025835,6.099648018003791,6.525277791006374,0.8289706070981047,0.0752655267715454
kddcup09_appetency,uniform,3,3,1,5,12000,0,46939,2,212,12000,9600,2400,55.14035087719298,684,0.4510269780003,6.002581728003861,6.453608706004161,0.7316356030034238,0.0904363617300987
kddcup09_appetency,class_aware,4,3,1,5,12000,0,46939,2,212,12000,9600,2400,55.14035087719298,684,0.5335095119953621,5.7854088019958,6.318918313991162,0.856261901707926,0.0726696848869323
kddcup09_appetency,uniform,4,3,1,5,12000,0,46939,2,212,12000,9600,2400,55.14035087719298,684,0.4111133170008543,5.914619337003387,6.325732654004241,0.6256968357490307,0.0892840176820755
kddcup09_appetency,class_aware,0,3,1,5,12000,0,46939,2,212,12000,9600,2400,54.81395348837209,688,0.4121941000048537,5.888966804996016,6.30116090500087,0.8141786824992933,0.0769494697451591
kddcup09_appetency,uniform,0,3,1,5,12000,0,46939,2,212,12000,9600,2400,54.81395348837209,688,0.4304337790017598,5.87726116200065,6.30769494100241,0.6908396946564885,0.0913232564926147
kddcup09_appetency,class_aware,1,5,1,5,12000,0,46939,2,212,12000,9600,2400,55.14035087719298,1026,0.4132141459995182,6.959386738999456,7.372600884998974,0.8032481179268088,0.0783278048038482
kddcup09_appetency,uniform,1,5,1,5,12000,0,46939,2,212,12000,9600,2400,55.14035087719298,1026,0.4183697170010418,6.920926942999358,7.3392966600004,0.7292281279908437,0.0963284149765968
kddcup09_appetency,class_aware,2,5,1,5,12000,0,46939,2,212,12000,9600,2400,55.14035087719298,1026,0.4424698250004439,6.596111580998695,7.038581405999139,0.8186204378841847,0.0781031399965286
kddcup09_appetency,uniform,2,5,1,5,12000,0,46939,2,212,12000,9600,2400,55.14035087719298,1026,0.5363787140013301,6.3577372310028295,6.89411594500416,0.7010389636017405,0.0849450528621673
kddcup09_appetency,class_aware,3,5,1,5,12000,0,46939,2,212,12000,9600,2400,55.14035087719298,1026,0.4037352209998062,5.964749626000412,6.368484847000218,0.8296711428599619,0.0754213109612464
kddcup09_appetency,uniform,3,5,1,5,12000,0,46939,2,212,12000,9600,2400,55.14035087719298,1026,0.4065675829988322,6.633000309993804,7.039567892992636,0.7133822063916487,0.0885068625211715
kddcup09_appetency,class_aware,4,5,1,5,12000,0,46939,2,212,12000,9600,2400,55.14035087719298,1026,0.4225070500033325,6.358563897003478,6.7810709470068105,0.8583536422926266,0.0718251392245292
kddcup09_appetency,uniform,4,5,1,5,12000,0,46939,2,212,12000,9600,2400,55.14035087719298,1026,0.4080654040008085,6.166798990998359,6.574864394999167,0.6877287841264517,0.0874499827623367
kddcup09_appetency,class_aware,0,5,1,5,12000,0,46939,2,212,12000,9600,2400,54.81395348837209,1032,0.4022075429966207,6.2991443399951095,6.70135188299173,0.8064239266529343,0.077380433678627
kddcup09_appetency,uniform,0,5,1,5,12000,0,46939,2,212,12000,9600,2400,54.81395348837209,1032,0.4013598809979157,6.2223560870043,6.623715968002216,0.663344642352276,0.0949800610542297
kddcup09_appetency,class_aware,1,10,1,5,12000,0,46939,2,212,12000,9600,2400,55.14035087719298,1881,0.4103996970006847,8.309944480999548,8.720344178000232,0.7980384998667995,0.078718863427639
kddcup09_appetency,uniform,1,10,1,5,12000,0,46939,2,212,12000,9600,2400,55.14035087719298,1881,0.4096061050004209,8.282850060997589,8.69245616599801,0.723012106441969,0.0913301259279251
kddcup09_appetency,class_aware,2,10,1,5,12000,0,46939,2,212,12000,9600,2400,55.14035087719298,1881,0.4086509379994822,8.47193399599928,8.880584933998762,0.8148414914505037,0.0785770937800407
kddcup09_appetency,uniform,2,10,1,5,12000,0,46939,2,212,12000,9600,2400,55.14035087719298,1881,0.4289203910011565,8.760306828000466,9.189227219001625,0.7390898955116377,0.0841712206602096
kddcup09_appetency,class_aware,3,10,1,5,12000,0,46939,2,212,12000,9600,2400,55.14035087719298,1881,0.4155330339999636,8.423149581998587,8.83868261599855,0.8230999200797229,0.0763895064592361
kddcup09_appetency,uniform,3,10,1,5,12000,0,46939,2,212,12000,9600,2400,55.14035087719298,1881,0.42957934000151,8.838947937998455,9.268527277999963,0.8095036062791685,0.078816182911396
kddcup09_appetency,class_aware,4,10,1,5,12000,0,46939,2,212,12000,9600,2400,55.14035087719298,1881,0.4147417889980715,8.314043977006804,8.728785766004876,0.863701394164833,0.0711148679256439
kddcup09_appetency,uniform,4,10,1,5,12000,0,46939,2,212,12000,9600,2400,55.14035087719298,1881,0.509582271995896,8.178703796002083,8.688286067997979,0.7881520655938274,0.0807104632258415
kddcup09_appetency,class_aware,0,10,1,5,12000,0,46939,2,212,12000,9600,2400,54.81395348837209,1892,0.4068729549981071,8.348913002002519,8.755785957000626,0.7938931297709924,0.0799821615219116
kddcup09_appetency,uniform,0,10,1,5,12000,0,46939,2,212,12000,9600,2400,54.81395348837209,1892,0.4216102060017874,8.384709031000966,8.806319237002754,0.7321882951653944,0.0851629525423049
kddcup09_appetency,class_aware,1,15,1,5,12000,0,46939,2,212,12000,9600,2400,55.14035087719298,2736,0.4136930389940971,10.484096898995633,10.897789937989728,0.8009491766238124,0.0785753726959228
kddcup09_appetency,uniform,1,15,1,5,12000,0,46939,2,212,12000,9600,2400,55.14035087719298,2736,0.4203041569999186,10.559704690997023,10.980008847996942,0.7672741265503054,0.0833111181855201
kddcup09_appetency,class_aware,2,15,1,5,12000,0,46939,2,212,12000,9600,2400,55.14035087719298,2736,0.4178861869950196,10.393670455996473,10.81155664299149,0.8140422886799341,0.0784735083580017
kddcup09_appetency,uniform,2,15,1,5,12000,0,46939,2,212,12000,9600,2400,55.14035087719298,2736,0.4220396399978199,10.573497867000697,10.995537506998517,0.7237521090073111,0.0855607762932777
kddcup09_appetency,class_aware,3,15,1,5,12000,0,46939,2,212,12000,9600,2400,55.14035087719298,2736,0.5124740889950772,10.215245063998736,10.727719152993814,0.8256751290071139,0.0762395188212394
kddcup09_appetency,uniform,3,15,1,5,12000,0,46939,2,212,12000,9600,2400,55.14035087719298,2736,0.4282126939942827,10.210373411006003,10.638586105000286,0.7991041035608923,0.0792627111077308
kddcup09_appetency,class_aware,4,15,1,5,12000,0,46939,2,212,12000,9600,2400,55.14035087719298,2736,0.4127909349990659,10.451144416001624,10.863935351000691,0.8564395023236081,0.0723273828625679
kddcup09_appetency,uniform,4,15,1,5,12000,0,46939,2,212,12000,9600,2400,55.14035087719298,2736,0.4169618050000281,10.301879360995372,10.7188411659954,0.8171996329587276,0.0778947472572326
kddcup09_appetency,class_aware,0,15,1,5,12000,0,46939,2,212,12000,9600,2400,54.81395348837209,2752,0.4220730570013984,10.209146711997164,10.631219768998562,0.7934690415606446,0.0793129652738571
kddcup09_appetency,uniform,0,15,1,5,12000,0,46939,2,212,12000,9600,2400,54.81395348837209,2752,0.4121261190011864,10.20069514199713,10.612821260998317,0.7260794054687184,0.0866598859429359
coil2000_insurance_policies,class_aware,1,3,1,5,12000,0,46916,2,85,9822,7857,1965,15.788461538461538,1872,0.2657233260033536,3.675134312994487,3.9408576389978407,0.7594954713552898,0.2026052474975586
coil2000_insurance_policies,uniform,1,3,1,5,12000,0,46916,2,85,9822,7857,1965,15.788461538461538,1872,0.245410000999982,3.774728824995691,4.020138825995673,0.7392427482036836,0.2105732411146164
coil2000_insurance_policies,class_aware,0,3,1,5,12000,0,46916,2,85,9822,7857,1965,15.75266524520256,1876,0.2058527870030957,3.742871292000928,3.9487240790040232,0.7753126503126504,0.1977324783802032
coil2000_insurance_policies,uniform,0,3,1,5,12000,0,46916,2,85,9822,7857,1965,15.75266524520256,1876,0.2848414039981435,3.633161805999407,3.918003209997551,0.7487974987974988,0.2024943381547927
coil2000_insurance_policies,class_aware,2,3,1,5,12000,0,46916,2,85,9822,7858,1964,15.754797441364603,1876,0.2069780099991476,3.7737415420051543,3.9807195520043024,0.7525462866556532,0.2027641236782074
coil2000_insurance_policies,uniform,2,3,1,5,12000,0,46916,2,85,9822,7858,1964,15.754797441364603,1876,0.2084642400004668,3.771604052999464,3.980068292999931,0.7346146904890813,0.2057338207960128
coil2000_insurance_policies,class_aware,3,3,1,5,12000,0,46916,2,85,9822,7858,1964,15.754797441364603,1876,0.2058687190001364,3.6336546069942415,3.839523325994378,0.7414587758388517,0.2043818086385727
coil2000_insurance_policies,uniform,3,3,1,5,12000,0,46916,2,85,9822,7858,1964,15.754797441364603,1876,0.2115253059964743,3.642478084002505,3.8540033899989794,0.7434208395226263,0.2040732502937317
coil2000_insurance_policies,class_aware,4,3,1,5,12000,0,46916,2,85,9822,7858,1964,15.754797441364603,1876,0.2152595430015935,4.05934396199882,4.274603505000414,0.7718638216743252,0.1951212584972381
coil2000_insurance_policies,uniform,4,3,1,5,12000,0,46916,2,85,9822,7858,1964,15.754797441364603,1876,0.2236043439988861,3.8683158659987376,4.091920209997625,0.7448854460224249,0.2027830928564071
coil2000_insurance_policies,class_aware,1,5,1,5,12000,0,46916,2,85,9822,7857,1965,15.788461538461538,2808,0.2137440070000593,5.108019565996074,5.321763572996133,0.7580088645811347,0.2032380998134613
coil2000_insurance_policies,uniform,1,5,1,5,12000,0,46916,2,85,9822,7857,1965,15.788461538461538,2808,0.2096963040021364,4.626193294003315,4.835889598005451,0.7409128866783514,0.2095653265714645
coil2000_insurance_policies,class_aware,0,5,1,5,12000,0,46916,2,85,9822,7857,1965,15.75266524520256,2814,0.211059364999528,4.569991413001844,4.781050778001372,0.7792947792947793,0.1969131231307983
coil2000_insurance_policies,uniform,0,5,1,5,12000,0,46916,2,85,9822,7857,1965,15.75266524520256,2814,0.2936061359941959,4.548723763997259,4.842329899991455,0.7592430717430718,0.2003630101680755
coil2000_insurance_policies,class_aware,2,5,1,5,12000,0,46916,2,85,9822,7858,1964,15.754797441364603,2814,0.208800408996467,4.606567233000533,4.815367641997,0.756049310732581,0.2016682922840118
coil2000_insurance_policies,uniform,2,5,1,5,12000,0,46916,2,85,9822,7858,1964,15.754797441364603,2814,0.210481162997894,4.848817759004305,5.059298922002199,0.7443879888384491,0.2029280960559845
coil2000_insurance_policies,class_aware,3,5,1,5,12000,0,46916,2,85,9822,7858,1964,15.754797441364603,2814,0.2161351489994558,5.506655774996034,5.72279092399549,0.7490478900874136,0.2044224888086319
coil2000_insurance_policies,uniform,3,5,1,5,12000,0,46916,2,85,9822,7858,1964,15.754797441364603,2814,0.2162130750002688,5.344501216000936,5.560714291001204,0.7387239182041564,0.204644039273262
coil2000_insurance_policies,class_aware,4,5,1,5,12000,0,46916,2,85,9822,7858,1964,15.754797441364603,2814,0.2092641400013235,4.860548857002868,5.069812997004192,0.7784441390288711,0.1939748078584671
coil2000_insurance_policies,uniform,4,5,1,5,12000,0,46916,2,85,9822,7858,1964,15.754797441364603,2814,0.2224218400006066,4.922246670997993,5.144668510998599,0.7573820332347674,0.1987637430429458
APSFailure,class_aware,3,3,1,5,12000,0,46908,2,170,12000,9600,2400,54.49132947976879,692,0.2399172989971703,4.679202749997785,4.919120048994955,0.9769736842105264,0.0378246717154979
APSFailure,uniform,3,3,1,5,12000,0,46908,2,170,12000,9600,2400,54.49132947976879,692,0.2273703250029939,4.8957126250024885,5.123082950005482,0.9753144775428306,0.0397268272936344
APSFailure,class_aware,4,3,1,5,12000,0,46908,2,170,12000,9600,2400,54.49132947976879,692,0.2409641039994312,5.099810346000595,5.340774450000026,0.992707207902454,0.0248300265520811
APSFailure,uniform,4,3,1,5,12000,0,46908,2,170,12000,9600,2400,54.49132947976879,692,0.3242016689982847,5.26545203999558,5.589653708993865,0.988192622318259,0.0357189252972602
APSFailure,class_aware,0,3,1,5,12000,0,46908,2,170,12000,9600,2400,54.172413793103445,696,0.2498264189998735,5.522418787004426,5.7722452060043,0.9950469161626428,0.0250105690211057
APSFailure,uniform,0,3,1,5,12000,0,46908,2,170,12000,9600,2400,54.172413793103445,696,0.260761042998638,5.657560609004577,5.918321652003215,0.9884855600832748,0.0319316238164901
APSFailure,class_aware,1,3,1,5,12000,0,46908,2,170,12000,9600,2400,54.172413793103445,696,0.2560227049980312,5.932758807997743,6.188781512995774,0.985180215291413,0.0329748019576072
APSFailure,uniform,1,3,1,5,12000,0,46908,2,170,12000,9600,2400,54.172413793103445,696,0.2555709470034344,5.222832592000486,5.478403539003921,0.9885644936902448,0.0333168394863605
APSFailure,class_aware,2,3,1,5,12000,0,46908,2,170,12000,9600,2400,54.172413793103445,696,0.2412063449955894,4.946780521000619,5.1879868659962085,0.9926690412526764,0.028502931818366
APSFailure,uniform,2,3,1,5,12000,0,46908,2,170,12000,9600,2400,54.172413793103445,696,0.2405899750010576,5.249261356999341,5.489851332000399,0.9906167674714604,0.0296633783727884
APSFailure,class_aware,3,5,1,5,12000,0,46908,2,170,12000,9600,2400,54.49132947976879,1038,0.2531677399965701,6.196071163998568,6.449238903995138,0.9778032875443742,0.0366016514599323
APSFailure,uniform,3,5,1,5,12000,0,46908,2,170,12000,9600,2400,54.49132947976879,1038,0.41052740199666,6.569087568997929,6.979614970994589,0.978131270257756,0.0385978333652019
APSFailure,class_aware,4,5,1,5,12000,0,46908,2,170,12000,9600,2400,54.49132947976879,1038,0.3829140669986373,6.400950511000701,6.7838645779993385,0.9935946905386632,0.0234728883951902
APSFailure,uniform,4,5,1,5,12000,0,46908,2,170,12000,9600,2400,54.49132947976879,1038,0.2496045509979012,6.078718845004914,6.328323396002816,0.9887424756906932,0.0320937484502792
APSFailure,class_aware,0,5,1,5,12000,0,46908,2,170,12000,9600,2400,54.172413793103445,1044,0.2402778130053775,5.800286942998355,6.040564756003732,0.99462264802518,0.0246496926993131
APSFailure,uniform,0,5,1,5,12000,0,46908,2,170,12000,9600,2400,54.172413793103445,1044,0.2366387310030404,5.901212317003228,6.137851048006269,0.9921263727047588,0.028288459405303
APSFailure,class_aware,1,5,1,5,12000,0,46908,2,170,12000,9600,2400,54.172413793103445,1044,0.2348031840010662,5.979745504002494,6.2145486880035605,0.9864628864046728,0.0322679057717323
APSFailure,uniform,1,5,1,5,12000,0,46908,2,170,12000,9600,2400,54.172413793103445,1044,0.252494944994396,6.076361915002053,6.328856859996449,0.9881599589545244,0.0362539105117321
APSFailure,class_aware,2,5,1,5,12000,0,46908,2,170,12000,9600,2400,54.172413793103445,1044,0.2371803529968019,6.005175932994462,6.242356285991264,0.9935866444337008,0.0281219519674778
APSFailure,uniform,2,5,1,5,12000,0,46908,2,170,12000,9600,2400,54.172413793103445,1044,0.3385624700022163,6.118880647001788,6.457443117004004,0.9919389053882052,0.0280729923397302
APSFailure,class_aware,3,10,1,5,12000,0,46908,2,170,12000,9600,2400,54.49132947976879,1903,0.250924905994907,7.932288392003102,8.183213297998009,0.9788644080876678,0.0376520417630672
APSFailure,uniform,3,10,1,5,12000,0,46908,2,170,12000,9600,2400,54.49132947976879,1903,0.2480274800036568,8.024182156004827,8.272209636008483,0.9770026238617072,0.0403016656637191
APSFailure,class_aware,4,10,1,5,12000,0,46908,2,170,12000,9600,2400,54.49132947976879,1903,0.2579662290008855,8.221517780002614,8.4794840090035,0.9936525698410248,0.0227283202111721
APSFailure,uniform,4,10,1,5,12000,0,46908,2,170,12000,9600,2400,54.49132947976879,1903,0.2705370189942186,8.246318830002565,8.516855848996784,0.9876524154962186,0.0320930853486061
APSFailure,class_aware,0,10,1,5,12000,0,46908,2,170,12000,9600,2400,54.172413793103445,1914,0.2556443369976477,8.27649121399736,8.532135550995008,0.9956487849157878,0.0209424328058958
APSFailure,uniform,0,10,1,5,12000,0,46908,2,170,12000,9600,2400,54.172413793103445,1914,0.2629174510002485,7.953117648001353,8.216035099001601,0.9934879774249884,0.0253475084900856
APSFailure,class_aware,1,10,1,5,12000,0,46908,2,170,12000,9600,2400,54.172413793103445,1914,0.2378983579983469,7.902008714001568,8.139907071999914,0.9873508894830836,0.0302155148237943
APSFailure,uniform,1,10,1,5,12000,0,46908,2,170,12000,9600,2400,54.172413793103445,1914,0.2448810240020975,7.718343446002109,7.9632244700042065,0.9898866316069896,0.032183289527893
APSFailure,class_aware,2,10,1,5,12000,0,46908,2,170,12000,9600,2400,54.172413793103445,1914,0.2348975209970376,7.366372702999797,7.601270223996835,0.9949679825556728,0.0231694728136062
APSFailure,uniform,2,10,1,5,12000,0,46908,2,170,12000,9600,2400,54.172413793103445,1914,0.2414442409935873,7.734990647004452,7.976434887998039,0.9924026403291532,0.0283016078174114
coil2000_insurance_policies,class_aware,1,10,1,5,12000,0,46916,2,85,9822,7857,1965,15.788461538461538,5148,0.2205575550033245,8.004978501994628,8.225536056997953,0.7684931129729382,0.2020868062973022
coil2000_insurance_policies,uniform,1,10,1,5,12000,0,46916,2,85,9822,7857,1965,15.788461538461538,5148,0.2179444399953354,8.097056892002001,8.315001331997337,0.7411698310590696,0.2078076899051666
coil2000_insurance_policies,class_aware,0,10,1,5,12000,0,46916,2,85,9822,7857,1965,15.75266524520256,5159,0.2275530019978759,8.107838006995735,8.33539100899361,0.7788924038924039,0.1971853524446487
coil2000_insurance_policies,uniform,0,10,1,5,12000,0,46916,2,85,9822,7857,1965,15.75266524520256,5159,0.2234579330033739,7.614449997003248,7.837907930006622,0.7591667591667592,0.2012305408716201
coil2000_insurance_policies,class_aware,2,10,1,5,12000,0,46916,2,85,9822,7858,1964,15.754797441364603,5159,0.2166755739963264,7.606306892004795,7.822982466001122,0.7583676925853428,0.2015435546636581
coil2000_insurance_policies,uniform,2,10,1,5,12000,0,46916,2,85,9822,7858,1964,15.754797441364603,5159,0.2200792220028233,7.624416248996567,7.844495470999391,0.7553644394467351,0.20235475897789
coil2000_insurance_policies,class_aware,3,10,1,5,12000,0,46916,2,85,9822,7858,1964,15.754797441364603,5159,0.2162521869977354,7.880165408998437,8.096417595996172,0.7460168718966769,0.2044534534215927
coil2000_insurance_policies,uniform,3,10,1,5,12000,0,46916,2,85,9822,7858,1964,15.754797441364603,5159,0.3045991200051503,7.953270213001815,8.257869333006965,0.7485851392185989,0.2038885205984115
coil2000_insurance_policies,class_aware,4,10,1,5,12000,0,46916,2,85,9822,7858,1964,15.754797441364603,5159,0.2149632939981529,7.933519067002635,8.148482361000788,0.7765699980101712,0.1953313052654266
coil2000_insurance_policies,uniform,4,10,1,5,12000,0,46916,2,85,9822,7858,1964,15.754797441364603,5159,0.2148742200006381,7.669834959000582,7.88470917900122,0.7680600095326678,0.1976202428340912
APSFailure,class_aware,3,15,1,5,12000,0,46908,2,170,12000,9600,2400,54.49132947976879,2768,0.2506124369974714,9.688571462000256,9.939183898997726,0.9797615372742708,0.0359070636332035
APSFailure,uniform,3,15,1,5,12000,0,46908,2,170,12000,9600,2400,54.49132947976879,2768,0.252089669003908,9.74007675499888,9.99216642400279,0.9812760456860626,0.0358302034437656
APSFailure,class_aware,4,15,1,5,12000,0,46908,2,170,12000,9600,2400,54.49132947976879,2768,0.2868135560056544,9.659602594001626,9.94641615000728,0.9939226732520452,0.0221435688436031
APSFailure,uniform,4,15,1,5,12000,0,46908,2,170,12000,9600,2400,54.49132947976879,2768,0.2406852850035648,9.43785132800258,9.678536613006145,0.991839018367032,0.0272421110421419
APSFailure,class_aware,0,15,1,5,12000,0,46908,2,170,12000,9600,2400,54.172413793103445,2784,0.2445653819959261,9.35390817800362,9.598473559999547,0.9958559856340836,0.0200727842748165
APSFailure,uniform,0,15,1,5,12000,0,46908,2,170,12000,9600,2400,54.172413793103445,2784,0.2454710870006238,9.475512756995158,9.720983843995782,0.9953922506931356,0.0207626055926084
APSFailure,class_aware,1,15,1,5,12000,0,46908,2,170,12000,9600,2400,54.172413793103445,2784,0.2460274300028686,9.30991095000354,9.55593838000641,0.9887716944085406,0.0286761689931154
APSFailure,uniform,1,15,1,5,12000,0,46908,2,170,12000,9600,2400,54.172413793103445,2784,0.2603861800016602,9.033579295995878,9.293965475997538,0.9879132914327436,0.0344305485486984
APSFailure,class_aware,2,15,1,5,12000,0,46908,2,170,12000,9600,2400,54.172413793103445,2784,0.2389684880035929,9.065355380000256,9.304323868003848,0.9946621148286648,0.0229205675423145
APSFailure,uniform,2,15,1,5,12000,0,46908,2,170,12000,9600,2400,54.172413793103445,2784,0.2381533560037496,8.96361599300144,9.20176934900519,0.99462264802518,0.0241113416850566
coil2000_insurance_policies,class_aware,1,15,1,5,12000,0,46916,2,85,9822,7857,1965,15.788461538461538,7488,0.225204679001763,11.62713445800182,11.852339137003582,0.7673253925284245,0.201988011598587
coil2000_insurance_policies,uniform,1,15,1,5,12000,0,46916,2,85,9822,7857,1965,15.788461538461538,7488,0.23528578299738,11.858632142000715,12.093917924998095,0.7627348058693437,0.2031656950712204
coil2000_insurance_policies,class_aware,0,15,1,5,12000,0,46916,2,85,9822,7857,1965,15.75266524520256,7504,0.221791502997803,11.29342996399646,11.515221466994262,0.7734996484996484,0.1987529546022415
coil2000_insurance_policies,uniform,0,15,1,5,12000,0,46916,2,85,9822,7857,1965,15.75266524520256,7504,0.2290426299950922,11.63965919099428,11.868701820989372,0.7733562733562732,0.1987873762845993
coil2000_insurance_policies,class_aware,2,15,1,5,12000,0,46916,2,85,9822,7858,1964,15.754797441364603,7504,0.3425197940014186,11.922118271002546,12.264638065003965,0.7604917190732026,0.2009546607732772
coil2000_insurance_policies,uniform,2,15,1,5,12000,0,46916,2,85,9822,7858,1964,15.754797441364603,7504,0.2248391260000062,11.013645607999932,11.23848473399994,0.7611858453764246,0.2010655850172042
coil2000_insurance_policies,class_aware,3,15,1,5,12000,0,46916,2,85,9822,7858,1964,15.754797441364603,7504,0.2285874200024409,11.091163593999228,11.319751014001667,0.7497790364601409,0.2042230367660522
coil2000_insurance_policies,uniform,3,15,1,5,12000,0,46916,2,85,9822,7858,1964,15.754797441364603,7504,0.2281508520027273,11.17237115700118,11.400522009003907,0.7484509414666426,0.2047454118728637
coil2000_insurance_policies,class_aware,4,15,1,5,12000,0,46916,2,85,9822,7858,1964,15.754797441364603,7504,0.2237596429986297,11.323136241000611,11.54689588399924,0.7758527341635084,0.195228174328804
coil2000_insurance_policies,uniform,4,15,1,5,12000,0,46916,2,85,9822,7858,1964,15.754797441364603,7504,0.2253052410014788,11.28969844099629,11.515003681997769,0.7772733793307696,0.1956198811531067
APSFailure,class_aware,3,20,1,5,12000,0,46908,2,170,12000,9600,2400,54.49132947976879,3633,0.2416952890052925,10.970885315997291,11.212580605002586,0.9803499768482792,0.035840842872858
APSFailure,uniform,3,20,1,5,12000,0,46908,2,170,12000,9600,2400,54.49132947976879,3633,0.2462850109950523,11.078948984002636,11.325233994997689,0.9822214076246334,0.0337236039340496
APSFailure,class_aware,4,20,1,5,12000,0,46908,2,170,12000,9600,2400,54.49132947976879,3633,0.2416298479947727,10.9746996640024,11.216329511997174,0.993623630189844,0.0223284140229225
APSFailure,uniform,4,20,1,5,12000,0,46908,2,170,12000,9600,2400,54.49132947976879,3633,0.3290032439981587,11.106218756998716,11.435222000996871,0.9931123630189844,0.0247596073895692
APSFailure,class_aware,0,20,1,5,12000,0,46908,2,170,12000,9600,2400,54.172413793103445,3654,0.2431318710005143,10.930161855001645,11.173293726002155,0.9957573186253712,0.0201550666242837
APSFailure,uniform,0,20,1,5,12000,0,46908,2,170,12000,9600,2400,54.172413793103445,3654,0.2454466380004305,11.153431012004148,11.39887765000458,0.99454371441821,0.0218324083834886
APSFailure,class_aware,1,20,1,5,12000,0,46908,2,170,12000,9600,2400,54.172413793103445,3654,0.2399114840009133,10.607336531000328,10.847248015001242,0.9884756933824036,0.0302088074386119
APSFailure,uniform,1,20,1,5,12000,0,46908,2,170,12000,9600,2400,54.172413793103445,3654,0.2463197629986098,11.169478550000347,11.41579831299896,0.9890775621355486,0.0328776054084301
APSFailure,class_aware,2,20,1,5,12000,0,46908,2,170,12000,9600,2400,54.172413793103445,3654,0.2421972029987955,10.845175670998287,11.087372873997085,0.9945634478199524,0.0226972475647926
APSFailure,uniform,2,20,1,5,12000,0,46908,2,170,12000,9600,2400,54.172413793103445,3654,0.2420044239988783,11.083041908001178,11.325046332000056,0.9941687797851032,0.0247331969439983
coil2000_insurance_policies,class_aware,0,20,1,5,12000,0,46916,2,85,9822,7857,1965,15.75266524520256,7857,0.2285690669959876,11.9760052490019,12.204574315997888,0.7728983978983979,0.1989190131425857
coil2000_insurance_policies,class_aware,0,30,1,5,12000,0,46916,2,85,9822,7857,1965,15.75266524520256,7857,0.2285690669959876,11.9760052490019,12.204574315997888,0.7728983978983979,0.1989190131425857
coil2000_insurance_policies,class_aware,0,none,1,5,12000,0,46916,2,85,9822,7857,1965,15.75266524520256,7857,0.2285690669959876,11.9760052490019,12.204574315997888,0.7728983978983979,0.1989190131425857
coil2000_insurance_policies,class_aware,1,20,1,5,12000,0,46916,2,85,9822,7857,1965,15.788461538461538,7857,0.2231225189971155,12.15970325499802,12.382825773995137,0.7655015462545768,0.202737420797348
coil2000_insurance_policies,class_aware,1,30,1,5,12000,0,46916,2,85,9822,7857,1965,15.788461538461538,7857,0.2231225189971155,12.15970325499802,12.382825773995137,0.7655015462545768,0.202737420797348
coil2000_insurance_policies,class_aware,1,none,1,5,12000,0,46916,2,85,9822,7857,1965,15.788461538461538,7857,0.2231225189971155,12.15970325499802,12.382825773995137,0.7655015462545768,0.202737420797348
coil2000_insurance_policies,class_aware,2,20,1,5,12000,0,46916,2,85,9822,7858,1964,15.754797441364603,7858,0.2211968660049024,11.92925252099667,12.150449387001572,0.7605426216687722,0.2010394632816314
coil2000_insurance_policies,class_aware,2,30,1,5,12000,0,46916,2,85,9822,7858,1964,15.754797441364603,7858,0.2211968660049024,11.92925252099667,12.150449387001572,0.7605426216687722,0.2010394632816314
coil2000_insurance_policies,class_aware,2,none,1,5,12000,0,46916,2,85,9822,7858,1964,15.754797441364603,7858,0.2211968660049024,11.92925252099667,12.150449387001572,0.7605426216687722,0.2010394632816314
coil2000_insurance_policies,class_aware,3,20,1,5,12000,0,46916,2,85,9822,7858,1964,15.754797441364603,7858,0.3074956880009267,11.747324996002137,12.054820684003062,0.7483630188015677,0.2047266066074371
coil2000_insurance_policies,class_aware,3,30,1,5,12000,0,46916,2,85,9822,7858,1964,15.754797441364603,7858,0.3074956880009267,11.747324996002137,12.054820684003062,0.7483630188015677,0.2047266066074371
coil2000_insurance_policies,class_aware,3,none,1,5,12000,0,46916,2,85,9822,7858,1964,15.754797441364603,7858,0.3074956880009267,11.747324996002137,12.054820684003062,0.7483630188015677,0.2047266066074371
coil2000_insurance_policies,class_aware,4,20,1,5,12000,0,46916,2,85,9822,7858,1964,15.754797441364603,7858,0.220796336994681,11.654731091999563,11.875527428994246,0.7753575907338766,0.1955035030841827
coil2000_insurance_policies,class_aware,4,30,1,5,12000,0,46916,2,85,9822,7858,1964,15.754797441364603,7858,0.220796336994681,11.654731091999563,11.875527428994246,0.7753575907338766,0.1955035030841827
coil2000_insurance_policies,class_aware,4,none,1,5,12000,0,46916,2,85,9822,7858,1964,15.754797441364603,7858,0.220796336994681,11.654731091999563,11.875527428994246,0.7753575907338766,0.1955035030841827
kddcup09_appetency,class_aware,1,20,1,5,12000,0,46939,2,212,12000,9600,2400,55.14035087719298,3591,0.4160776029966655,12.896795999004098,13.312873602000764,0.7983937010981639,0.0789703130722045
kddcup09_appetency,uniform,1,20,1,5,12000,0,46939,2,212,12000,9600,2400,55.14035087719298,3591,0.4244169250014238,12.522732187004294,12.947149112005718,0.7650146520507938,0.0842411965131759
kddcup09_appetency,class_aware,2,20,1,5,12000,0,46939,2,212,12000,9600,2400,55.14035087719298,3591,0.4362512450024951,12.813710077003634,13.24996132200613,0.8121577488135292,0.0795472711324691
kddcup09_appetency,uniform,2,20,1,5,12000,0,46939,2,212,12000,9600,2400,55.14035087719298,3591,0.4290720349963521,12.517855843005236,12.946927878001588,0.7651429191621199,0.0825742855668068
kddcup09_appetency,class_aware,3,20,1,5,12000,0,46939,2,212,12000,9600,2400,55.14035087719298,3591,0.4244655619986588,13.128003947000252,13.552469508998913,0.8289607403972334,0.0759964510798454
kddcup09_appetency,uniform,3,20,1,5,12000,0,46939,2,212,12000,9600,2400,55.14035087719298,3591,0.4174826189992018,12.54707271400548,12.964555333004682,0.7953054237254689,0.0800946950912475
kddcup09_appetency,class_aware,4,20,1,5,12000,0,46939,2,212,12000,9600,2400,55.14035087719298,3591,0.4116477339994162,12.217724101996282,12.629371835995698,0.8530453572239051,0.072717048227787
kddcup09_appetency,uniform,4,20,1,5,12000,0,46939,2,212,12000,9600,2400,55.14035087719298,3591,0.4111336799978744,13.020822935999604,13.431956615997478,0.8213239139229016,0.0759103372693061
kddcup09_appetency,class_aware,0,20,1,5,12000,0,46939,2,212,12000,9600,2400,54.81395348837209,3612,0.4317912749975221,12.459195693001677,12.890986967999195,0.7867846035784967,0.079674445092678
kddcup09_appetency,uniform,0,20,1,5,12000,0,46939,2,212,12000,9600,2400,54.81395348837209,3612,0.4170692440020502,12.073017593997063,12.490086837999115,0.7543115634718688,0.0848084986209869
